<?xml version="1.0" encoding="utf-8"?>
<Splits version="1.0" xmlns="urn:WebWorks-Engine-Splits-Schema">
  <Split groupID="E2409E4DBE34BFCA" documentID="EB5B39C644A674" id="1052621" position="1" documentstartposition="3" documentendposition="8" title="Curation Tools">
    <Group name="caArray_Online_Help" id="E2409E4DBE34BFCA" position="1" />
    <Document path="C:\Documents and Settings\hadfielj\My Documents\CBIIT Projects\caArray\caArray documentation\caArray 2.4\Curation Tools.fm" id="EB5B39C644A674" position="6" />
    <PageStyle value="" />
    <Frames />
    <Popups />
  </Split>
  <Split groupID="E2409E4DBE34BFCA" documentID="EB5B39C644A674" id="1091444" position="2" documentstartposition="9" documentendposition="14" title="Curation Tasks">
    <Group name="caArray_Online_Help" id="E2409E4DBE34BFCA" position="1" />
    <Document path="C:\Documents and Settings\hadfielj\My Documents\CBIIT Projects\caArray\caArray documentation\caArray 2.4\Curation Tools.fm" id="EB5B39C644A674" position="6" />
    <PageStyle value="" />
    <Frames />
    <Popups />
  </Split>
  <Split groupID="E2409E4DBE34BFCA" documentID="EB5B39C644A674" id="1091470" position="3" documentstartposition="15" documentendposition="22" title="Managing Array Designs">
    <Group name="caArray_Online_Help" id="E2409E4DBE34BFCA" position="1" />
    <Document path="C:\Documents and Settings\hadfielj\My Documents\CBIIT Projects\caArray\caArray documentation\caArray 2.4\Curation Tools.fm" id="EB5B39C644A674" position="6" />
    <PageStyle value="" />
    <Frames />
    <Popups />
  </Split>
  <Split groupID="E2409E4DBE34BFCA" documentID="EB5B39C644A674" id="1154890" position="4" documentstartposition="23" documentendposition="32" title="Viewing Array Designs">
    <Group name="caArray_Online_Help" id="E2409E4DBE34BFCA" position="1" />
    <Document path="C:\Documents and Settings\hadfielj\My Documents\CBIIT Projects\caArray\caArray documentation\caArray 2.4\Curation Tools.fm" id="EB5B39C644A674" position="6" />
    <PageStyle value="" />
    <Frames>
      <Frame position="1" title="edit icon">
        <Frame id="1091539" stylename="Default" xmlns="urn:WebWorks-Document-Schema">
          <Attribute name="display" value="inline" />
          <Attribute name="float" value="none" />
          <Attribute name="text-align" value="left" />
          <Attribute name="left" value="0.0" />
          <Attribute name="top" value="0.0" />
          <Attribute name="width" value="15.75" />
          <Attribute name="height" value="15.75" />
          <Description>
            <Paragraph>
              <TextRun>
                <Text value="edit icon" />
              </TextRun>
            </Paragraph>
          </Description>
          <Facets>
            <Facet type="document">
              <Attribute name="adapter" value="Adobe FrameMaker" />
              <Attribute name="path" value="C:\Documents and Settings\hadfielj\My Documents\ePublisher Pro Projects\caArray_Online_Help\Data\61DD7DDB65736B3\E2409E4DBE34BFCA\EB5B39C644A674\Curation Tools.fmwif" />
              <Attribute name="id" value="1091539" />
            </Facet>
          </Facets>
          <Content />
        </Frame>
      </Frame>
    </Frames>
    <Popups />
  </Split>
  <Split groupID="E2409E4DBE34BFCA" documentID="EB5B39C644A674" id="1091564" position="5" documentstartposition="33" documentendposition="51" title="Adding an Array Design">
    <Group name="caArray_Online_Help" id="E2409E4DBE34BFCA" position="1" />
    <Document path="C:\Documents and Settings\hadfielj\My Documents\CBIIT Projects\caArray\caArray documentation\caArray 2.4\Curation Tools.fm" id="EB5B39C644A674" position="6" />
    <PageStyle value="" />
    <Frames />
    <Popups />
  </Split>
  <Split groupID="E2409E4DBE34BFCA" documentID="EB5B39C644A674" id="1091635" position="6" documentstartposition="52" documentendposition="61" title=" Editing an Array Design">
    <Group name="caArray_Online_Help" id="E2409E4DBE34BFCA" position="1" />
    <Document path="C:\Documents and Settings\hadfielj\My Documents\CBIIT Projects\caArray\caArray documentation\caArray 2.4\Curation Tools.fm" id="EB5B39C644A674" position="6" />
    <PageStyle value="" />
    <Frames>
      <Frame position="1" title="edit icon">
        <Frame id="1095752" stylename="Default" xmlns="urn:WebWorks-Document-Schema">
          <Attribute name="display" value="inline" />
          <Attribute name="float" value="none" />
          <Attribute name="text-align" value="left" />
          <Attribute name="left" value="0.0" />
          <Attribute name="top" value="0.0" />
          <Attribute name="width" value="15.75" />
          <Attribute name="height" value="15.75" />
          <Description>
            <Paragraph>
              <TextRun>
                <Text value="edit icon" />
              </TextRun>
            </Paragraph>
          </Description>
          <Facets>
            <Facet type="document">
              <Attribute name="adapter" value="Adobe FrameMaker" />
              <Attribute name="path" value="C:\Documents and Settings\hadfielj\My Documents\ePublisher Pro Projects\caArray_Online_Help\Data\61DD7DDB65736B3\E2409E4DBE34BFCA\EB5B39C644A674\Curation Tools.fmwif" />
              <Attribute name="id" value="1095752" />
            </Facet>
          </Facets>
          <Content />
        </Frame>
      </Frame>
      <Frame position="2" title="edit button">
        <Frame id="1091645" stylename="Default" xmlns="urn:WebWorks-Document-Schema">
          <Attribute name="display" value="inline" />
          <Attribute name="float" value="none" />
          <Attribute name="text-align" value="left" />
          <Attribute name="left" value="0.0" />
          <Attribute name="top" value="0.0" />
          <Attribute name="width" value="49.5" />
          <Attribute name="height" value="22.5" />
          <Description>
            <Paragraph>
              <TextRun>
                <Text value="edit button" />
              </TextRun>
            </Paragraph>
          </Description>
          <Facets>
            <Facet type="document">
              <Attribute name="adapter" value="Adobe FrameMaker" />
              <Attribute name="path" value="C:\Documents and Settings\hadfielj\My Documents\ePublisher Pro Projects\caArray_Online_Help\Data\61DD7DDB65736B3\E2409E4DBE34BFCA\EB5B39C644A674\Curation Tools.fmwif" />
              <Attribute name="id" value="1091645" />
            </Facet>
          </Facets>
          <Content />
        </Frame>
      </Frame>
    </Frames>
    <Popups />
  </Split>
  <Split groupID="E2409E4DBE34BFCA" documentID="EB5B39C644A674" id="1193466" position="7" documentstartposition="62" documentendposition="73" title="Retrofitting Array Design Files">
    <Group name="caArray_Online_Help" id="E2409E4DBE34BFCA" position="1" />
    <Document path="C:\Documents and Settings\hadfielj\My Documents\CBIIT Projects\caArray\caArray documentation\caArray 2.4\Curation Tools.fm" id="EB5B39C644A674" position="6" />
    <PageStyle value="" />
    <Frames />
    <Popups />
  </Split>
  <Split groupID="E2409E4DBE34BFCA" documentID="EB5B39C644A674" id="1146324" position="8" documentstartposition="74" documentendposition="77" title="Deleting an Array Design">
    <Group name="caArray_Online_Help" id="E2409E4DBE34BFCA" position="1" />
    <Document path="C:\Documents and Settings\hadfielj\My Documents\CBIIT Projects\caArray\caArray documentation\caArray 2.4\Curation Tools.fm" id="EB5B39C644A674" position="6" />
    <PageStyle value="" />
    <Frames>
      <Frame position="1" title="delete icon">
        <Frame id="1146374" stylename="Default" xmlns="urn:WebWorks-Document-Schema">
          <Attribute name="display" value="inline" />
          <Attribute name="float" value="none" />
          <Attribute name="text-align" value="left" />
          <Attribute name="left" value="0.0" />
          <Attribute name="top" value="0.0" />
          <Attribute name="width" value="15.01776" />
          <Attribute name="height" value="17.28" />
          <Description>
            <Paragraph>
              <TextRun>
                <Text value="delete icon" />
              </TextRun>
            </Paragraph>
          </Description>
          <Facets>
            <Facet type="document">
              <Attribute name="adapter" value="Adobe FrameMaker" />
              <Attribute name="path" value="C:\Documents and Settings\hadfielj\My Documents\ePublisher Pro Projects\caArray_Online_Help\Data\61DD7DDB65736B3\E2409E4DBE34BFCA\EB5B39C644A674\Curation Tools.fmwif" />
              <Attribute name="id" value="1146374" />
            </Facet>
          </Facets>
          <Content />
        </Frame>
      </Frame>
    </Frames>
    <Popups />
  </Split>
  <Split groupID="E2409E4DBE34BFCA" documentID="EB5B39C644A674" id="1171079" position="9" documentstartposition="78" documentendposition="82" title="Downloading Files Associated with Array Design">
    <Group name="caArray_Online_Help" id="E2409E4DBE34BFCA" position="1" />
    <Document path="C:\Documents and Settings\hadfielj\My Documents\CBIIT Projects\caArray\caArray documentation\caArray 2.4\Curation Tools.fm" id="EB5B39C644A674" position="6" />
    <PageStyle value="" />
    <Frames>
      <Frame position="1" title="download icon">
        <Frame id="1171095" stylename="Default" xmlns="urn:WebWorks-Document-Schema">
          <Attribute name="display" value="inline" />
          <Attribute name="float" value="none" />
          <Attribute name="text-align" value="left" />
          <Attribute name="left" value="0.0" />
          <Attribute name="top" value="0.0" />
          <Attribute name="width" value="18.76176" />
          <Attribute name="height" value="16.506" />
          <Description>
            <Paragraph>
              <TextRun>
                <Text value="download icon" />
              </TextRun>
            </Paragraph>
          </Description>
          <Facets>
            <Facet type="document">
              <Attribute name="adapter" value="Adobe FrameMaker" />
              <Attribute name="path" value="C:\Documents and Settings\hadfielj\My Documents\ePublisher Pro Projects\caArray_Online_Help\Data\61DD7DDB65736B3\E2409E4DBE34BFCA\EB5B39C644A674\Curation Tools.fmwif" />
              <Attribute name="id" value="1171095" />
            </Facet>
          </Facets>
          <Content />
        </Frame>
      </Frame>
    </Frames>
    <Popups />
  </Split>
  <Split groupID="E2409E4DBE34BFCA" documentID="EB5B39C644A674" id="1091663" position="10" documentstartposition="83" documentendposition="90" title="Managing Protocols">
    <Group name="caArray_Online_Help" id="E2409E4DBE34BFCA" position="1" />
    <Document path="C:\Documents and Settings\hadfielj\My Documents\CBIIT Projects\caArray\caArray documentation\caArray 2.4\Curation Tools.fm" id="EB5B39C644A674" position="6" />
    <PageStyle value="" />
    <Frames />
    <Popups />
  </Split>
  <Split groupID="E2409E4DBE34BFCA" documentID="EB5B39C644A674" id="1091688" position="11" documentstartposition="91" documentendposition="104" title="Viewing Protocols">
    <Group name="caArray_Online_Help" id="E2409E4DBE34BFCA" position="1" />
    <Document path="C:\Documents and Settings\hadfielj\My Documents\CBIIT Projects\caArray\caArray documentation\caArray 2.4\Curation Tools.fm" id="EB5B39C644A674" position="6" />
    <PageStyle value="" />
    <Frames>
      <Frame position="1" title="edit icon">
        <Frame id="1095817" stylename="Default" xmlns="urn:WebWorks-Document-Schema">
          <Attribute name="display" value="inline" />
          <Attribute name="float" value="none" />
          <Attribute name="text-align" value="left" />
          <Attribute name="left" value="0.0" />
          <Attribute name="top" value="0.0" />
          <Attribute name="width" value="15.75" />
          <Attribute name="height" value="15.75" />
          <Description>
            <Paragraph>
              <TextRun>
                <Text value="edit icon" />
              </TextRun>
            </Paragraph>
          </Description>
          <Facets>
            <Facet type="document">
              <Attribute name="adapter" value="Adobe FrameMaker" />
              <Attribute name="path" value="C:\Documents and Settings\hadfielj\My Documents\ePublisher Pro Projects\caArray_Online_Help\Data\61DD7DDB65736B3\E2409E4DBE34BFCA\EB5B39C644A674\Curation Tools.fmwif" />
              <Attribute name="id" value="1095817" />
            </Facet>
          </Facets>
          <Content />
        </Frame>
      </Frame>
    </Frames>
    <Popups />
  </Split>
  <Split groupID="E2409E4DBE34BFCA" documentID="EB5B39C644A674" id="1091760" position="12" documentstartposition="105" documentendposition="116" title="Viewing Protocol Types">
    <Group name="caArray_Online_Help" id="E2409E4DBE34BFCA" position="1" />
    <Document path="C:\Documents and Settings\hadfielj\My Documents\CBIIT Projects\caArray\caArray documentation\caArray 2.4\Curation Tools.fm" id="EB5B39C644A674" position="6" />
    <PageStyle value="" />
    <Frames>
      <Frame position="1" title="edit icon">
        <Frame id="1091794" stylename="Default" xmlns="urn:WebWorks-Document-Schema">
          <Attribute name="display" value="inline" />
          <Attribute name="float" value="none" />
          <Attribute name="text-align" value="left" />
          <Attribute name="left" value="0.0" />
          <Attribute name="top" value="0.0" />
          <Attribute name="width" value="15.75" />
          <Attribute name="height" value="15.75" />
          <Description>
            <Paragraph>
              <TextRun>
                <Text value="edit icon" />
              </TextRun>
            </Paragraph>
          </Description>
          <Facets>
            <Facet type="document">
              <Attribute name="adapter" value="Adobe FrameMaker" />
              <Attribute name="path" value="C:\Documents and Settings\hadfielj\My Documents\ePublisher Pro Projects\caArray_Online_Help\Data\61DD7DDB65736B3\E2409E4DBE34BFCA\EB5B39C644A674\Curation Tools.fmwif" />
              <Attribute name="id" value="1091794" />
            </Facet>
          </Facets>
          <Content />
        </Frame>
      </Frame>
    </Frames>
    <Popups />
  </Split>
  <Split groupID="E2409E4DBE34BFCA" documentID="EB5B39C644A674" id="1091826" position="13" documentstartposition="117" documentendposition="129" title="Creating a Protocol">
    <Group name="caArray_Online_Help" id="E2409E4DBE34BFCA" position="1" />
    <Document path="C:\Documents and Settings\hadfielj\My Documents\CBIIT Projects\caArray\caArray documentation\caArray 2.4\Curation Tools.fm" id="EB5B39C644A674" position="6" />
    <PageStyle value="" />
    <Frames>
      <Frame position="1" title="Plus icon">
        <Frame id="1131465" stylename="Default" xmlns="urn:WebWorks-Document-Schema">
          <Attribute name="display" value="inline" />
          <Attribute name="float" value="none" />
          <Attribute name="text-align" value="left" />
          <Attribute name="left" value="0.0" />
          <Attribute name="top" value="0.0" />
          <Attribute name="width" value="12.74976" />
          <Attribute name="height" value="17.24976" />
          <Description>
            <Paragraph>
              <TextRun>
                <Text value="Plus icon" />
              </TextRun>
            </Paragraph>
          </Description>
          <Facets>
            <Facet type="document">
              <Attribute name="adapter" value="Adobe FrameMaker" />
              <Attribute name="path" value="C:\Documents and Settings\hadfielj\My Documents\ePublisher Pro Projects\caArray_Online_Help\Data\61DD7DDB65736B3\E2409E4DBE34BFCA\EB5B39C644A674\Curation Tools.fmwif" />
              <Attribute name="id" value="1131465" />
            </Facet>
          </Facets>
          <Content />
        </Frame>
      </Frame>
    </Frames>
    <Popups />
  </Split>
  <Split groupID="E2409E4DBE34BFCA" documentID="EB5B39C644A674" id="1091900" position="14" documentstartposition="130" documentendposition="143" title="Editing a Protocol">
    <Group name="caArray_Online_Help" id="E2409E4DBE34BFCA" position="1" />
    <Document path="C:\Documents and Settings\hadfielj\My Documents\CBIIT Projects\caArray\caArray documentation\caArray 2.4\Curation Tools.fm" id="EB5B39C644A674" position="6" />
    <PageStyle value="" />
    <Frames>
      <Frame position="1" title="edit icon">
        <Frame id="1091906" stylename="Default" xmlns="urn:WebWorks-Document-Schema">
          <Attribute name="display" value="inline" />
          <Attribute name="float" value="none" />
          <Attribute name="text-align" value="left" />
          <Attribute name="left" value="0.0" />
          <Attribute name="top" value="0.0" />
          <Attribute name="width" value="15.75" />
          <Attribute name="height" value="15.75" />
          <Description>
            <Paragraph>
              <TextRun>
                <Text value="edit icon" />
              </TextRun>
            </Paragraph>
          </Description>
          <Facets>
            <Facet type="document">
              <Attribute name="adapter" value="Adobe FrameMaker" />
              <Attribute name="path" value="C:\Documents and Settings\hadfielj\My Documents\ePublisher Pro Projects\caArray_Online_Help\Data\61DD7DDB65736B3\E2409E4DBE34BFCA\EB5B39C644A674\Curation Tools.fmwif" />
              <Attribute name="id" value="1091906" />
            </Facet>
          </Facets>
          <Content />
        </Frame>
      </Frame>
      <Frame position="2" title="edit button">
        <Frame id="1091911" stylename="Default" xmlns="urn:WebWorks-Document-Schema">
          <Attribute name="display" value="inline" />
          <Attribute name="float" value="none" />
          <Attribute name="text-align" value="left" />
          <Attribute name="left" value="0.0" />
          <Attribute name="top" value="0.0" />
          <Attribute name="width" value="49.5" />
          <Attribute name="height" value="22.5" />
          <Description>
            <Paragraph>
              <TextRun>
                <Text value="edit button" />
              </TextRun>
            </Paragraph>
          </Description>
          <Facets>
            <Facet type="document">
              <Attribute name="adapter" value="Adobe FrameMaker" />
              <Attribute name="path" value="C:\Documents and Settings\hadfielj\My Documents\ePublisher Pro Projects\caArray_Online_Help\Data\61DD7DDB65736B3\E2409E4DBE34BFCA\EB5B39C644A674\Curation Tools.fmwif" />
              <Attribute name="id" value="1091911" />
            </Facet>
          </Facets>
          <Content />
        </Frame>
      </Frame>
    </Frames>
    <Popups />
  </Split>
  <Split groupID="E2409E4DBE34BFCA" documentID="EB5B39C644A674" id="1091938" position="15" documentstartposition="144" documentendposition="156" title="Editing a Protocol Type">
    <Group name="caArray_Online_Help" id="E2409E4DBE34BFCA" position="1" />
    <Document path="C:\Documents and Settings\hadfielj\My Documents\CBIIT Projects\caArray\caArray documentation\caArray 2.4\Curation Tools.fm" id="EB5B39C644A674" position="6" />
    <PageStyle value="" />
    <Frames>
      <Frame position="1" title="edit icon">
        <Frame id="1091942" stylename="Default" xmlns="urn:WebWorks-Document-Schema">
          <Attribute name="display" value="inline" />
          <Attribute name="float" value="none" />
          <Attribute name="text-align" value="left" />
          <Attribute name="left" value="0.0" />
          <Attribute name="top" value="0.0" />
          <Attribute name="width" value="15.75" />
          <Attribute name="height" value="15.75" />
          <Description>
            <Paragraph>
              <TextRun>
                <Text value="edit icon" />
              </TextRun>
            </Paragraph>
          </Description>
          <Facets>
            <Facet type="document">
              <Attribute name="adapter" value="Adobe FrameMaker" />
              <Attribute name="path" value="C:\Documents and Settings\hadfielj\My Documents\ePublisher Pro Projects\caArray_Online_Help\Data\61DD7DDB65736B3\E2409E4DBE34BFCA\EB5B39C644A674\Curation Tools.fmwif" />
              <Attribute name="id" value="1091942" />
            </Facet>
          </Facets>
          <Content />
        </Frame>
      </Frame>
      <Frame position="2" title="edit button">
        <Frame id="1091948" stylename="Default" xmlns="urn:WebWorks-Document-Schema">
          <Attribute name="display" value="inline" />
          <Attribute name="float" value="none" />
          <Attribute name="text-align" value="left" />
          <Attribute name="left" value="0.0" />
          <Attribute name="top" value="0.0" />
          <Attribute name="width" value="49.5" />
          <Attribute name="height" value="22.5" />
          <Description>
            <Paragraph>
              <TextRun>
                <Text value="edit button" />
              </TextRun>
            </Paragraph>
          </Description>
          <Facets>
            <Facet type="document">
              <Attribute name="adapter" value="Adobe FrameMaker" />
              <Attribute name="path" value="C:\Documents and Settings\hadfielj\My Documents\ePublisher Pro Projects\caArray_Online_Help\Data\61DD7DDB65736B3\E2409E4DBE34BFCA\EB5B39C644A674\Curation Tools.fmwif" />
              <Attribute name="id" value="1091948" />
            </Facet>
          </Facets>
          <Content />
        </Frame>
      </Frame>
    </Frames>
    <Popups />
  </Split>
  <Split groupID="E2409E4DBE34BFCA" documentID="EB5B39C644A674" id="1091973" position="16" documentstartposition="157" documentendposition="167" title="Managing [Controlled] Vocabulary [Terms]">
    <Group name="caArray_Online_Help" id="E2409E4DBE34BFCA" position="1" />
    <Document path="C:\Documents and Settings\hadfielj\My Documents\CBIIT Projects\caArray\caArray documentation\caArray 2.4\Curation Tools.fm" id="EB5B39C644A674" position="6" />
    <PageStyle value="" />
    <Frames />
    <Popups />
  </Split>
  <Split groupID="E2409E4DBE34BFCA" documentID="EB5B39C644A674" id="1099723" position="17" documentstartposition="168" documentendposition="178" title="Viewing Vocabulary Terms">
    <Group name="caArray_Online_Help" id="E2409E4DBE34BFCA" position="1" />
    <Document path="C:\Documents and Settings\hadfielj\My Documents\CBIIT Projects\caArray\caArray documentation\caArray 2.4\Curation Tools.fm" id="EB5B39C644A674" position="6" />
    <PageStyle value="" />
    <Frames>
      <Frame position="1" title="edit icon">
        <Frame id="1099768" stylename="Default" xmlns="urn:WebWorks-Document-Schema">
          <Attribute name="display" value="inline" />
          <Attribute name="float" value="none" />
          <Attribute name="text-align" value="left" />
          <Attribute name="left" value="0.0" />
          <Attribute name="top" value="0.0" />
          <Attribute name="width" value="15.75" />
          <Attribute name="height" value="15.75" />
          <Description>
            <Paragraph>
              <TextRun>
                <Text value="edit icon" />
              </TextRun>
            </Paragraph>
          </Description>
          <Facets>
            <Facet type="document">
              <Attribute name="adapter" value="Adobe FrameMaker" />
              <Attribute name="path" value="C:\Documents and Settings\hadfielj\My Documents\ePublisher Pro Projects\caArray_Online_Help\Data\61DD7DDB65736B3\E2409E4DBE34BFCA\EB5B39C644A674\Curation Tools.fmwif" />
              <Attribute name="id" value="1099768" />
            </Facet>
          </Facets>
          <Content />
        </Frame>
      </Frame>
    </Frames>
    <Popups />
  </Split>
  <Split groupID="E2409E4DBE34BFCA" documentID="EB5B39C644A674" id="1100484" position="18" documentstartposition="179" documentendposition="192" title="Adding Vocabulary Terms">
    <Group name="caArray_Online_Help" id="E2409E4DBE34BFCA" position="1" />
    <Document path="C:\Documents and Settings\hadfielj\My Documents\CBIIT Projects\caArray\caArray documentation\caArray 2.4\Curation Tools.fm" id="EB5B39C644A674" position="6" />
    <PageStyle value="" />
    <Frames />
    <Popups />
  </Split>
  <Split groupID="E2409E4DBE34BFCA" documentID="EB5B39C644A674" id="1099881" position="19" documentstartposition="193" documentendposition="207" title="Editing a Vocabulary Term">
    <Group name="caArray_Online_Help" id="E2409E4DBE34BFCA" position="1" />
    <Document path="C:\Documents and Settings\hadfielj\My Documents\CBIIT Projects\caArray\caArray documentation\caArray 2.4\Curation Tools.fm" id="EB5B39C644A674" position="6" />
    <PageStyle value="" />
    <Frames>
      <Frame position="1" title="edit icon">
        <Frame id="1100331" stylename="Default" xmlns="urn:WebWorks-Document-Schema">
          <Attribute name="display" value="inline" />
          <Attribute name="float" value="none" />
          <Attribute name="text-align" value="left" />
          <Attribute name="left" value="0.0" />
          <Attribute name="top" value="0.0" />
          <Attribute name="width" value="15.75" />
          <Attribute name="height" value="15.75" />
          <Description>
            <Paragraph>
              <TextRun>
                <Text value="edit icon" />
              </TextRun>
            </Paragraph>
          </Description>
          <Facets>
            <Facet type="document">
              <Attribute name="adapter" value="Adobe FrameMaker" />
              <Attribute name="path" value="C:\Documents and Settings\hadfielj\My Documents\ePublisher Pro Projects\caArray_Online_Help\Data\61DD7DDB65736B3\E2409E4DBE34BFCA\EB5B39C644A674\Curation Tools.fmwif" />
              <Attribute name="id" value="1100331" />
            </Facet>
          </Facets>
          <Content />
        </Frame>
      </Frame>
      <Frame position="2" title="edit button">
        <Frame id="1100336" stylename="Default" xmlns="urn:WebWorks-Document-Schema">
          <Attribute name="display" value="inline" />
          <Attribute name="float" value="none" />
          <Attribute name="text-align" value="left" />
          <Attribute name="left" value="0.0" />
          <Attribute name="top" value="0.0" />
          <Attribute name="width" value="49.5" />
          <Attribute name="height" value="22.5" />
          <Description>
            <Paragraph>
              <TextRun>
                <Text value="edit button" />
              </TextRun>
            </Paragraph>
          </Description>
          <Facets>
            <Facet type="document">
              <Attribute name="adapter" value="Adobe FrameMaker" />
              <Attribute name="path" value="C:\Documents and Settings\hadfielj\My Documents\ePublisher Pro Projects\caArray_Online_Help\Data\61DD7DDB65736B3\E2409E4DBE34BFCA\EB5B39C644A674\Curation Tools.fmwif" />
              <Attribute name="id" value="1100336" />
            </Facet>
          </Facets>
          <Content />
        </Frame>
      </Frame>
    </Frames>
    <Popups />
  </Split>
</Splits>