<?xml version="1.0" encoding="utf-8"?>
<Splits version="1.0" xmlns="urn:WebWorks-Engine-Splits-Schema">
  <Split groupID="E2409E4DBE34BFCA" documentID="70E82AD2963E22EF" id="1096659" position="1" documentstartposition="3" documentendposition="11" title="MAGE-TAB in caArray">
    <Group name="caArray_Online_Help" id="E2409E4DBE34BFCA" position="1" />
    <Document path="C:\Documents and Settings\hadfielj\My Documents\CBIIT Projects\caArray\caArray documentation\caArray 2.4\appdix MAGE-TAB.fm" id="70E82AD2963E22EF" position="10" />
    <PageStyle value="" />
    <Frames />
    <Popups />
  </Split>
  <Split groupID="E2409E4DBE34BFCA" documentID="70E82AD2963E22EF" id="1097275" position="2" documentstartposition="12" documentendposition="18" title="caArray-Specific Handling of MAGE-TAB">
    <Group name="caArray_Online_Help" id="E2409E4DBE34BFCA" position="1" />
    <Document path="C:\Documents and Settings\hadfielj\My Documents\CBIIT Projects\caArray\caArray documentation\caArray 2.4\appdix MAGE-TAB.fm" id="70E82AD2963E22EF" position="10" />
    <PageStyle value="" />
    <Frames />
    <Popups />
  </Split>
  <Split groupID="E2409E4DBE34BFCA" documentID="70E82AD2963E22EF" id="1096680" position="3" documentstartposition="19" documentendposition="28" title="Biomaterial Annotations in caArray">
    <Group name="caArray_Online_Help" id="E2409E4DBE34BFCA" position="1" />
    <Document path="C:\Documents and Settings\hadfielj\My Documents\CBIIT Projects\caArray\caArray documentation\caArray 2.4\appdix MAGE-TAB.fm" id="70E82AD2963E22EF" position="10" />
    <PageStyle value="" />
    <Frames />
    <Popups />
  </Split>
  <Split groupID="E2409E4DBE34BFCA" documentID="70E82AD2963E22EF" id="1097086" position="4" documentstartposition="29" documentendposition="36" title="Auto-Generated Missing Biomaterials in MAGE-TAB">
    <Group name="caArray_Online_Help" id="E2409E4DBE34BFCA" position="1" />
    <Document path="C:\Documents and Settings\hadfielj\My Documents\CBIIT Projects\caArray\caArray documentation\caArray 2.4\appdix MAGE-TAB.fm" id="70E82AD2963E22EF" position="10" />
    <PageStyle value="" />
    <Frames />
    <Popups />
  </Split>
  <Split groupID="E2409E4DBE34BFCA" documentID="70E82AD2963E22EF" id="1096693" position="5" documentstartposition="37" documentendposition="44" title="Protocols Associated Intelligently">
    <Group name="caArray_Online_Help" id="E2409E4DBE34BFCA" position="1" />
    <Document path="C:\Documents and Settings\hadfielj\My Documents\CBIIT Projects\caArray\caArray documentation\caArray 2.4\appdix MAGE-TAB.fm" id="70E82AD2963E22EF" position="10" />
    <PageStyle value="" />
    <Frames />
    <Popups />
  </Split>
  <Split groupID="E2409E4DBE34BFCA" documentID="70E82AD2963E22EF" id="1096701" position="6" documentstartposition="45" documentendposition="49" title="SDRF Decides Raw versus Derived Data File">
    <Group name="caArray_Online_Help" id="E2409E4DBE34BFCA" position="1" />
    <Document path="C:\Documents and Settings\hadfielj\My Documents\CBIIT Projects\caArray\caArray documentation\caArray 2.4\appdix MAGE-TAB.fm" id="70E82AD2963E22EF" position="10" />
    <PageStyle value="" />
    <Frames />
    <Popups />
  </Split>
  <Split groupID="E2409E4DBE34BFCA" documentID="70E82AD2963E22EF" id="1131946" position="7" documentstartposition="50" documentendposition="51" title="Image File Importing Issues in caArray">
    <Group name="caArray_Online_Help" id="E2409E4DBE34BFCA" position="1" />
    <Document path="C:\Documents and Settings\hadfielj\My Documents\CBIIT Projects\caArray\caArray documentation\caArray 2.4\appdix MAGE-TAB.fm" id="70E82AD2963E22EF" position="10" />
    <PageStyle value="" />
    <Frames />
    <Popups />
  </Split>
  <Split groupID="E2409E4DBE34BFCA" documentID="70E82AD2963E22EF" id="1109046" position="8" documentstartposition="52" documentendposition="61" title="Best Practices and Tips">
    <Group name="caArray_Online_Help" id="E2409E4DBE34BFCA" position="1" />
    <Document path="C:\Documents and Settings\hadfielj\My Documents\CBIIT Projects\caArray\caArray documentation\caArray 2.4\appdix MAGE-TAB.fm" id="70E82AD2963E22EF" position="10" />
    <PageStyle value="" />
    <Frames />
    <Popups />
  </Split>
  <Split groupID="E2409E4DBE34BFCA" documentID="70E82AD2963E22EF" id="1113168" position="9" documentstartposition="62" documentendposition="70" title="Editing MAGE-TAB Documents">
    <Group name="caArray_Online_Help" id="E2409E4DBE34BFCA" position="1" />
    <Document path="C:\Documents and Settings\hadfielj\My Documents\CBIIT Projects\caArray\caArray documentation\caArray 2.4\appdix MAGE-TAB.fm" id="70E82AD2963E22EF" position="10" />
    <PageStyle value="" />
    <Frames />
    <Popups />
  </Split>
  <Split groupID="E2409E4DBE34BFCA" documentID="70E82AD2963E22EF" id="1096823" position="10" documentstartposition="71" documentendposition="79" title="Uniquely Identifying Objects in the IDF and SDRF">
    <Group name="caArray_Online_Help" id="E2409E4DBE34BFCA" position="1" />
    <Document path="C:\Documents and Settings\hadfielj\My Documents\CBIIT Projects\caArray\caArray documentation\caArray 2.4\appdix MAGE-TAB.fm" id="70E82AD2963E22EF" position="10" />
    <PageStyle value="" />
    <Frames />
    <Popups />
  </Split>
  <Split groupID="E2409E4DBE34BFCA" documentID="70E82AD2963E22EF" id="1096826" position="11" documentstartposition="80" documentendposition="89" title="Representing Multiple Objects and Multiple Values in the IDF">
    <Group name="caArray_Online_Help" id="E2409E4DBE34BFCA" position="1" />
    <Document path="C:\Documents and Settings\hadfielj\My Documents\CBIIT Projects\caArray\caArray documentation\caArray 2.4\appdix MAGE-TAB.fm" id="70E82AD2963E22EF" position="10" />
    <PageStyle value="" />
    <Frames />
    <Popups />
  </Split>
  <Split groupID="E2409E4DBE34BFCA" documentID="70E82AD2963E22EF" id="1110735" position="12" documentstartposition="90" documentendposition="99" title="Use of Controlled Vocabularies in the IDF">
    <Group name="caArray_Online_Help" id="E2409E4DBE34BFCA" position="1" />
    <Document path="C:\Documents and Settings\hadfielj\My Documents\CBIIT Projects\caArray\caArray documentation\caArray 2.4\appdix MAGE-TAB.fm" id="70E82AD2963E22EF" position="10" />
    <PageStyle value="" />
    <Frames />
    <Popups />
  </Split>
  <Split groupID="E2409E4DBE34BFCA" documentID="70E82AD2963E22EF" id="1111874" position="13" documentstartposition="100" documentendposition="109" title="Term Source REF in an SDRF">
    <Group name="caArray_Online_Help" id="E2409E4DBE34BFCA" position="1" />
    <Document path="C:\Documents and Settings\hadfielj\My Documents\CBIIT Projects\caArray\caArray documentation\caArray 2.4\appdix MAGE-TAB.fm" id="70E82AD2963E22EF" position="10" />
    <PageStyle value="" />
    <Frames />
    <Popups />
  </Split>
  <Split groupID="E2409E4DBE34BFCA" documentID="70E82AD2963E22EF" id="1111608" position="14" documentstartposition="110" documentendposition="118" title="Use of Controlled Vocabularies in the SDRF">
    <Group name="caArray_Online_Help" id="E2409E4DBE34BFCA" position="1" />
    <Document path="C:\Documents and Settings\hadfielj\My Documents\CBIIT Projects\caArray\caArray documentation\caArray 2.4\appdix MAGE-TAB.fm" id="70E82AD2963E22EF" position="10" />
    <PageStyle value="" />
    <Frames />
    <Popups />
  </Split>
  <Split groupID="E2409E4DBE34BFCA" documentID="70E82AD2963E22EF" id="1117394" position="15" documentstartposition="119" documentendposition="128" title="Biomaterials Column Order in an SDRF">
    <Group name="caArray_Online_Help" id="E2409E4DBE34BFCA" position="1" />
    <Document path="C:\Documents and Settings\hadfielj\My Documents\CBIIT Projects\caArray\caArray documentation\caArray 2.4\appdix MAGE-TAB.fm" id="70E82AD2963E22EF" position="10" />
    <PageStyle value="" />
    <Frames />
    <Popups />
  </Split>
  <Split groupID="E2409E4DBE34BFCA" documentID="70E82AD2963E22EF" id="1096851" position="16" documentstartposition="129" documentendposition="137" title="References from the SDRF to the IDF">
    <Group name="caArray_Online_Help" id="E2409E4DBE34BFCA" position="1" />
    <Document path="C:\Documents and Settings\hadfielj\My Documents\CBIIT Projects\caArray\caArray documentation\caArray 2.4\appdix MAGE-TAB.fm" id="70E82AD2963E22EF" position="10" />
    <PageStyle value="" />
    <Frames />
    <Popups />
  </Split>
  <Split groupID="E2409E4DBE34BFCA" documentID="70E82AD2963E22EF" id="1117276" position="17" documentstartposition="138" documentendposition="155" title="Limitations of Annotation Data">
    <Group name="caArray_Online_Help" id="E2409E4DBE34BFCA" position="1" />
    <Document path="C:\Documents and Settings\hadfielj\My Documents\CBIIT Projects\caArray\caArray documentation\caArray 2.4\appdix MAGE-TAB.fm" id="70E82AD2963E22EF" position="10" />
    <PageStyle value="" />
    <Frames />
    <Popups />
  </Split>
  <Split groupID="E2409E4DBE34BFCA" documentID="70E82AD2963E22EF" id="1097403" position="18" documentstartposition="156" documentendposition="161" title="caArray Validation of MAGE-TAB">
    <Group name="caArray_Online_Help" id="E2409E4DBE34BFCA" position="1" />
    <Document path="C:\Documents and Settings\hadfielj\My Documents\CBIIT Projects\caArray\caArray documentation\caArray 2.4\appdix MAGE-TAB.fm" id="70E82AD2963E22EF" position="10" />
    <PageStyle value="" />
    <Frames />
    <Popups />
  </Split>
  <Split groupID="E2409E4DBE34BFCA" documentID="70E82AD2963E22EF" id="1109490" position="19" documentstartposition="162" documentendposition="212" title="MAGE-TAB IDF Fields Recognized">
    <Group name="caArray_Online_Help" id="E2409E4DBE34BFCA" position="1" />
    <Document path="C:\Documents and Settings\hadfielj\My Documents\CBIIT Projects\caArray\caArray documentation\caArray 2.4\appdix MAGE-TAB.fm" id="70E82AD2963E22EF" position="10" />
    <PageStyle value="" />
    <Frames />
    <Popups />
  </Split>
  <Split groupID="E2409E4DBE34BFCA" documentID="70E82AD2963E22EF" id="1144512" position="20" documentstartposition="213" documentendposition="242" title="MAGE-TAB IDF Validation Rules">
    <Group name="caArray_Online_Help" id="E2409E4DBE34BFCA" position="1" />
    <Document path="C:\Documents and Settings\hadfielj\My Documents\CBIIT Projects\caArray\caArray documentation\caArray 2.4\appdix MAGE-TAB.fm" id="70E82AD2963E22EF" position="10" />
    <PageStyle value="" />
    <Frames />
    <Popups />
  </Split>
  <Split groupID="E2409E4DBE34BFCA" documentID="70E82AD2963E22EF" id="1095919" position="21" documentstartposition="243" documentendposition="275" title="MAGE-TAB SDRF Fields Recognized">
    <Group name="caArray_Online_Help" id="E2409E4DBE34BFCA" position="1" />
    <Document path="C:\Documents and Settings\hadfielj\My Documents\CBIIT Projects\caArray\caArray documentation\caArray 2.4\appdix MAGE-TAB.fm" id="70E82AD2963E22EF" position="10" />
    <PageStyle value="" />
    <Frames />
    <Popups />
  </Split>
  <Split groupID="E2409E4DBE34BFCA" documentID="70E82AD2963E22EF" id="1095949" position="22" documentstartposition="276" documentendposition="332" title="MAGE-TAB SDRF Validation Rules">
    <Group name="caArray_Online_Help" id="E2409E4DBE34BFCA" position="1" />
    <Document path="C:\Documents and Settings\hadfielj\My Documents\CBIIT Projects\caArray\caArray documentation\caArray 2.4\appdix MAGE-TAB.fm" id="70E82AD2963E22EF" position="10" />
    <PageStyle value="" />
    <Frames />
    <Popups />
  </Split>
  <Split groupID="E2409E4DBE34BFCA" documentID="70E82AD2963E22EF" id="1111853" position="23" documentstartposition="333" documentendposition="334" title="Examples of MAGE-TAB documents">
    <Group name="caArray_Online_Help" id="E2409E4DBE34BFCA" position="1" />
    <Document path="C:\Documents and Settings\hadfielj\My Documents\CBIIT Projects\caArray\caArray documentation\caArray 2.4\appdix MAGE-TAB.fm" id="70E82AD2963E22EF" position="10" />
    <PageStyle value="" />
    <Frames />
    <Popups />
  </Split>
</Splits>