<?xml version="1.0" encoding="utf-8"?>
<Behaviors version="1.0" xmlns="urn:WebWorks-Behaviors-Schema">
  <Split id="1056643" documentposition="3">
    <Paragraph id="1056643" documentposition="3" splitpriority="none" />
    <Paragraph id="1093019" documentposition="4" splitpriority="none" />
    <Paragraph id="1093020" documentposition="5" splitpriority="none" />
    <Paragraph id="1093021" documentposition="6" splitpriority="none" />
    <Paragraph id="1093022" documentposition="7" splitpriority="none" />
    <Paragraph id="1093023" documentposition="8" splitpriority="none" />
    <Paragraph id="1095810" documentposition="9" splitpriority="none" />
    <Paragraph id="1095811" documentposition="10" splitpriority="none" />
    <Paragraph id="1095812" documentposition="11" splitpriority="none" />
    <Paragraph id="1095808" documentposition="12" splitpriority="none" />
    <Paragraph id="1095831" documentposition="13" splitpriority="none" />
  </Split>
</Behaviors>