<?xml version="1.0" encoding="utf-8"?>
<Splits version="1.0" xmlns="urn:WebWorks-Engine-Splits-Schema">
  <Split id="1223007" documentposition="3" />
  <Split id="1223043" documentposition="13" />
  <Split id="1227147" documentposition="22" />
  <Split id="1226920" documentposition="27" />
  <Split id="1223127" documentposition="38" />
  <Split id="1223158" documentposition="47" />
  <Split id="1241003" documentposition="65" />
  <Split id="1223212" documentposition="75" />
  <Split id="1223242" documentposition="85" />
  <Split id="1223284" documentposition="100" />
  <Split id="1223323" documentposition="117" />
  <Split id="1223355" documentposition="131" />
  <Split id="1223472" documentposition="142" />
  <Split id="1223533" documentposition="168" />
  <Split id="1223559" documentposition="175" />
  <Split id="1238432" documentposition="195" />
  <Split id="1223593" documentposition="203" />
  <Split id="1230606" documentposition="207" />
  <Split id="1223669" documentposition="225" />
</Splits>