<?xml version="1.0" encoding="utf-8"?>
<Behaviors version="1.0" xmlns="urn:WebWorks-Behaviors-Schema">
  <Split id="1223007" documentposition="3">
    <Paragraph id="1223007" documentposition="3" splitpriority="1" dropdown="continue" popup="none" popup-page-rule="" />
    <Paragraph id="1223009" documentposition="4" splitpriority="none" dropdown="continue" popup="none" popup-page-rule="" />
    <Paragraph id="1223011" documentposition="5" splitpriority="none" dropdown="continue" popup="none" popup-page-rule="" />
    <Paragraph id="1223016" documentposition="6" splitpriority="none" dropdown="continue" popup="none" popup-page-rule="" />
    <Paragraph id="1223021" documentposition="7" splitpriority="none" dropdown="continue" popup="none" popup-page-rule="" />
    <Paragraph id="1223025" documentposition="8" splitpriority="none" dropdown="continue" popup="none" popup-page-rule="" />
    <Paragraph id="1223029" documentposition="9" splitpriority="none" dropdown="continue" popup="none" popup-page-rule="" />
    <Paragraph id="1223033" documentposition="10" splitpriority="none" dropdown="continue" popup="none" popup-page-rule="" />
    <Paragraph id="1223037" documentposition="11" splitpriority="none" dropdown="continue" popup="none" popup-page-rule="" />
    <Paragraph id="1223041" documentposition="12" splitpriority="none" popup="none" popup-page-rule="" dropdown="end" />
  </Split>
  <Split id="1223043" documentposition="13">
    <Paragraph id="1223043" documentposition="13" splitpriority="2" dropdown="continue" popup="none" popup-page-rule="" />
    <Paragraph id="1223044" documentposition="14" splitpriority="none" dropdown="continue" popup="none" popup-page-rule="" />
    <Paragraph id="1223049" documentposition="15" splitpriority="none" dropdown="continue" popup="none" popup-page-rule="" />
    <Paragraph id="1223051" documentposition="16" splitpriority="none" dropdown="continue" popup="none" popup-page-rule="" />
    <Paragraph id="1223052" documentposition="17" splitpriority="none" dropdown="continue" popup="none" popup-page-rule="" />
    <Paragraph id="1223053" documentposition="18" splitpriority="none" dropdown="continue" popup="none" popup-page-rule="" />
    <Paragraph id="1257207" documentposition="19" splitpriority="none" relatedtopic="define-no-output" dropdown="continue" popup="none" popup-page-rule="" />
    <Paragraph id="1257211" documentposition="20" splitpriority="none" relatedtopic="define-no-output" dropdown="continue" popup="none" popup-page-rule="" />
    <Paragraph id="1257215" documentposition="21" splitpriority="none" relatedtopic="define-no-output" popup="none" popup-page-rule="" dropdown="end" />
  </Split>
  <Split id="1227147" documentposition="22">
    <Paragraph id="1227147" documentposition="22" splitpriority="3" dropdown="continue" popup="none" popup-page-rule="" />
    <Paragraph id="1227152" documentposition="23" splitpriority="none" dropdown="continue" popup="none" popup-page-rule="" />
    <Paragraph id="1228514" documentposition="24" splitpriority="none" dropdown="continue" popup="none" popup-page-rule="" />
    <Table id="1227153" documentposition="25" splitpriority="none">
      <TableCell>
        <Paragraph id="1227155" dropdown="continue" popup="none" popup-page-rule="" />
      </TableCell>
      <TableCell>
        <Paragraph id="1227157" dropdown="continue" popup="none" popup-page-rule="" />
      </TableCell>
      <TableCell>
        <Paragraph id="1228607" dropdown="continue" popup="none" popup-page-rule="" />
      </TableCell>
      <TableCell>
        <Paragraph id="1227159" dropdown="continue" popup="none" popup-page-rule="" />
      </TableCell>
      <TableCell>
        <Paragraph id="1227161" dropdown="continue" popup="none" popup-page-rule="" />
        <Paragraph id="1227165" dropdown="continue" popup="none" popup-page-rule="" />
        <Paragraph id="1227166" dropdown="continue" popup="none" popup-page-rule="" />
        <Paragraph id="1255465" dropdown="continue" popup="none" popup-page-rule="" />
        <Paragraph id="1255468" dropdown="continue" popup="none" popup-page-rule="" />
        <Paragraph id="1228629" dropdown="continue" popup="none" popup-page-rule="" />
        <Paragraph id="1255613" dropdown="continue" popup="none" popup-page-rule="" />
      </TableCell>
      <TableCell>
        <Paragraph id="1228609" dropdown="continue" popup="none" popup-page-rule="" />
        <Paragraph id="1228633" dropdown="continue" popup="none" popup-page-rule="" />
        <Paragraph id="1228634" dropdown="continue" popup="none" popup-page-rule="" />
        <Paragraph id="1228635" dropdown="continue" popup="none" popup-page-rule="" />
        <Paragraph id="1228636" dropdown="continue" popup="none" popup-page-rule="" />
        <Paragraph id="1228637" dropdown="continue" popup="none" popup-page-rule="" />
        <Paragraph id="1228638" dropdown="continue" popup="none" popup-page-rule="" />
        <Paragraph id="1255677" dropdown="continue" popup="none" popup-page-rule="" />
      </TableCell>
      <TableCell>
        <Paragraph id="1227168" dropdown="continue" popup="none" popup-page-rule="" />
      </TableCell>
      <TableCell>
        <Paragraph id="1227170" dropdown="continue" popup="none" popup-page-rule="" />
        <Paragraph id="1227171" dropdown="continue" popup="none" popup-page-rule="" />
        <Paragraph id="1227172" dropdown="continue" popup="none" popup-page-rule="" />
        <Paragraph id="1227182" dropdown="continue" popup="none" popup-page-rule="" />
        <Paragraph id="1255620" dropdown="continue" popup="none" popup-page-rule="" />
      </TableCell>
      <TableCell>
        <Paragraph id="1228643" dropdown="continue" popup="none" popup-page-rule="" />
        <Paragraph id="1228644" dropdown="continue" popup="none" popup-page-rule="" />
        <Paragraph id="1228645" dropdown="continue" popup="none" popup-page-rule="" />
        <Paragraph id="1228646" dropdown="continue" popup="none" popup-page-rule="" />
        <Paragraph id="1249099" dropdown="continue" popup="none" popup-page-rule="" />
        <Paragraph id="1228840" dropdown="continue" popup="none" popup-page-rule="" />
        <Paragraph id="1255687" dropdown="continue" popup="none" popup-page-rule="" />
      </TableCell>
      <TableCell>
        <Paragraph id="1227184" dropdown="continue" popup="none" popup-page-rule="" />
      </TableCell>
      <TableCell>
        <Paragraph id="1227186" dropdown="continue" popup="none" popup-page-rule="" />
        <Paragraph id="1227187" dropdown="continue" popup="none" popup-page-rule="" />
        <Paragraph id="1255478" dropdown="continue" popup="none" popup-page-rule="" />
        <Paragraph id="1227189" dropdown="continue" popup="none" popup-page-rule="" />
      </TableCell>
      <TableCell>
        <Paragraph id="1228613" dropdown="continue" popup="none" popup-page-rule="" />
        <Paragraph id="1229151" dropdown="continue" popup="none" popup-page-rule="" />
      </TableCell>
    </Table>
    <Paragraph id="1227114" documentposition="26" splitpriority="none" popup="none" popup-page-rule="" dropdown="end" />
  </Split>
  <Split id="1226920" documentposition="27">
    <Paragraph id="1226920" documentposition="27" splitpriority="3" dropdown="continue" popup="none" popup-page-rule="" />
    <Paragraph id="1223059" documentposition="28" splitpriority="none" dropdown="continue" popup="none" popup-page-rule="" />
    <Table id="1223062" documentposition="29" splitpriority="none">
      <TableCell>
        <Paragraph id="1223064" dropdown="continue" popup="none" popup-page-rule="" />
      </TableCell>
      <TableCell>
        <Paragraph id="1223066" dropdown="continue" popup="none" popup-page-rule="" />
      </TableCell>
      <TableCell>
        <Paragraph id="1223068" dropdown="continue" popup="none" popup-page-rule="" />
      </TableCell>
      <TableCell>
        <Paragraph id="1223070" dropdown="continue" popup="none" popup-page-rule="" />
      </TableCell>
      <TableCell>
        <Paragraph id="1223072" dropdown="continue" popup="none" popup-page-rule="" />
      </TableCell>
      <TableCell>
        <Paragraph id="1223074" dropdown="continue" popup="none" popup-page-rule="" />
      </TableCell>
      <TableCell>
        <Paragraph id="1223076" dropdown="continue" popup="none" popup-page-rule="" />
      </TableCell>
      <TableCell>
        <Paragraph id="1223078" dropdown="continue" popup="none" popup-page-rule="" />
      </TableCell>
      <TableCell>
        <Paragraph id="1223080" dropdown="continue" popup="none" popup-page-rule="" />
      </TableCell>
      <TableCell>
        <Paragraph id="1223082" dropdown="continue" popup="none" popup-page-rule="" />
      </TableCell>
    </Table>
    <Paragraph id="1223088" documentposition="30" splitpriority="none" dropdown="continue" popup="none" popup-page-rule="" />
    <Paragraph id="1223093" documentposition="32" splitpriority="none" dropdown="continue" popup="none" popup-page-rule="" />
    <Paragraph id="1237489" documentposition="33" splitpriority="none" dropdown="continue" popup="none" popup-page-rule="" />
    <Paragraph id="1237490" documentposition="34" splitpriority="none" dropdown="continue" popup="none" popup-page-rule="" />
    <Paragraph id="1237491" documentposition="35" splitpriority="none" dropdown="continue" popup="none" popup-page-rule="" />
    <Paragraph id="1229282" documentposition="36" splitpriority="none" dropdown="continue" popup="none" popup-page-rule="" />
    <Paragraph id="1229290" documentposition="37" splitpriority="none" popup="none" popup-page-rule="" dropdown="end" />
  </Split>
  <Split id="1223127" documentposition="38">
    <Paragraph id="1223127" documentposition="38" splitpriority="3" dropdown="continue" popup="none" popup-page-rule="" />
    <Paragraph id="1223129" documentposition="39" splitpriority="none" dropdown="continue" popup="none" popup-page-rule="" />
    <Paragraph id="1237350" documentposition="40" splitpriority="none" dropdown="continue" popup="none" popup-page-rule="" />
    <Paragraph id="1223130" documentposition="41" splitpriority="none" dropdown="continue" popup="none" popup-page-rule="" />
    <Paragraph id="1223131" documentposition="42" splitpriority="none" dropdown="continue" popup="none" popup-page-rule="" />
    <Paragraph id="1224673" documentposition="43" splitpriority="none" dropdown="continue" popup="none" popup-page-rule="" />
    <Paragraph id="1223132" documentposition="44" splitpriority="none" dropdown="continue" popup="none" popup-page-rule="" />
    <Paragraph id="1257252" documentposition="45" splitpriority="none" relatedtopic="define-no-output" dropdown="continue" popup="none" popup-page-rule="" />
    <Paragraph id="1257256" documentposition="46" splitpriority="none" relatedtopic="define-no-output" popup="none" popup-page-rule="" dropdown="end" />
  </Split>
  <Split id="1223158" documentposition="47">
    <Paragraph id="1223158" documentposition="47" splitpriority="4" dropdown="continue" popup="none" popup-page-rule="" />
    <Paragraph id="1223159" documentposition="48" splitpriority="none" dropdown="continue" popup="none" popup-page-rule="" />
    <Paragraph id="1223160" documentposition="49" splitpriority="none" dropdown="continue" popup="none" popup-page-rule="" />
    <Paragraph id="1223161" documentposition="50" splitpriority="none" dropdown="continue" popup="none" popup-page-rule="" />
    <Paragraph id="1223162" documentposition="51" splitpriority="none" dropdown="continue" popup="none" popup-page-rule="" />
    <Paragraph id="1223163" documentposition="52" splitpriority="none" dropdown="continue" popup="none" popup-page-rule="" />
    <Paragraph id="1223164" documentposition="53" splitpriority="none" dropdown="continue" popup="none" popup-page-rule="" />
    <Paragraph id="1223176" documentposition="55" splitpriority="none" dropdown="continue" popup="none" popup-page-rule="" />
    <Paragraph id="1230072" documentposition="56" splitpriority="none" dropdown="continue" popup="none" popup-page-rule="" />
    <Paragraph id="1230086" documentposition="57" splitpriority="none" dropdown="continue" popup="none" popup-page-rule="" />
    <Paragraph id="1230055" documentposition="58" splitpriority="none" dropdown="continue" popup="none" popup-page-rule="" />
    <Paragraph id="1223177" documentposition="59" splitpriority="none" dropdown="continue" popup="none" popup-page-rule="" />
    <Paragraph id="1223178" documentposition="60" splitpriority="none" dropdown="continue" popup="none" popup-page-rule="" />
    <Paragraph id="1223179" documentposition="61" splitpriority="none" dropdown="continue" popup="none" popup-page-rule="" />
    <Paragraph id="1223180" documentposition="62" splitpriority="none" dropdown="continue" popup="none" popup-page-rule="" />
    <Paragraph id="1223186" documentposition="64" splitpriority="none" popup="none" popup-page-rule="" dropdown="end" />
  </Split>
  <Split id="1241003" documentposition="65">
    <Paragraph id="1241003" documentposition="65" splitpriority="4" dropdown="continue" popup="none" popup-page-rule="" />
    <Paragraph id="1250781" documentposition="66" splitpriority="none" dropdown="continue" popup="none" popup-page-rule="" />
    <Paragraph id="1250860" documentposition="67" splitpriority="none" dropdown="continue" popup="none" popup-page-rule="">
      <Frame id="1250783">
        <Paragraph id="" dropdown="continue" popup="none" popup-page-rule="" />
        <Frame id="1250784" />
      </Frame>
    </Paragraph>
    <Paragraph id="1257264" documentposition="69" splitpriority="none" relatedtopic="define-no-output" dropdown="continue" popup="none" popup-page-rule="" />
    <Paragraph id="1257268" documentposition="70" splitpriority="none" relatedtopic="define-no-output" dropdown="continue" popup="none" popup-page-rule="" />
    <Paragraph id="1257272" documentposition="71" splitpriority="none" relatedtopic="define-no-output" dropdown="continue" popup="none" popup-page-rule="" />
    <Paragraph id="1257276" documentposition="72" splitpriority="none" relatedtopic="define-no-output" dropdown="continue" popup="none" popup-page-rule="" />
    <Paragraph id="1257280" documentposition="73" splitpriority="none" relatedtopic="define-no-output" dropdown="continue" popup="none" popup-page-rule="" />
    <Paragraph id="1257284" documentposition="74" splitpriority="none" relatedtopic="define-no-output" popup="none" popup-page-rule="" dropdown="end" />
  </Split>
  <Split id="1223212" documentposition="75">
    <Paragraph id="1223212" documentposition="75" splitpriority="4" dropdown="continue" popup="none" popup-page-rule="" />
    <Paragraph id="1223214" documentposition="76" splitpriority="none" dropdown="continue" popup="none" popup-page-rule="" />
    <Paragraph id="1223215" documentposition="77" splitpriority="none" dropdown="continue" popup="none" popup-page-rule="" />
    <Paragraph id="1223216" documentposition="78" splitpriority="none" dropdown="continue" popup="none" popup-page-rule="" />
    <Paragraph id="1257292" documentposition="79" splitpriority="none" relatedtopic="define-no-output" dropdown="continue" popup="none" popup-page-rule="" />
    <Paragraph id="1257296" documentposition="80" splitpriority="none" relatedtopic="define-no-output" dropdown="continue" popup="none" popup-page-rule="" />
    <Paragraph id="1257300" documentposition="81" splitpriority="none" relatedtopic="define-no-output" dropdown="continue" popup="none" popup-page-rule="" />
    <Paragraph id="1257304" documentposition="82" splitpriority="none" relatedtopic="define-no-output" dropdown="continue" popup="none" popup-page-rule="" />
    <Paragraph id="1257308" documentposition="83" splitpriority="none" relatedtopic="define-no-output" dropdown="continue" popup="none" popup-page-rule="" />
    <Paragraph id="1257312" documentposition="84" splitpriority="none" relatedtopic="define-no-output" popup="none" popup-page-rule="" dropdown="end" />
  </Split>
  <Split id="1223242" documentposition="85">
    <Paragraph id="1223242" documentposition="85" splitpriority="3" dropdown="continue" popup="none" popup-page-rule="" />
    <Paragraph id="1223244" documentposition="86" splitpriority="none" dropdown="continue" popup="none" popup-page-rule="" />
    <Paragraph id="1223245" documentposition="87" splitpriority="none" dropdown="continue" popup="none" popup-page-rule="" />
    <Paragraph id="1223249" documentposition="88" splitpriority="none" dropdown="continue" popup="none" popup-page-rule="" />
    <Paragraph id="1223250" documentposition="89" splitpriority="none" dropdown="continue" popup="none" popup-page-rule="" />
    <Paragraph id="1223251" documentposition="90" splitpriority="none" dropdown="continue" popup="none" popup-page-rule="" />
    <Paragraph id="1223252" documentposition="91" splitpriority="none" dropdown="continue" popup="none" popup-page-rule="" />
    <Paragraph id="1223253" documentposition="92" splitpriority="none" dropdown="continue" popup="none" popup-page-rule="" />
    <Paragraph id="1223254" documentposition="93" splitpriority="none" dropdown="continue" popup="none" popup-page-rule="" />
    <Paragraph id="1257328" documentposition="94" splitpriority="none" relatedtopic="define-no-output" dropdown="continue" popup="none" popup-page-rule="" />
    <Paragraph id="1257332" documentposition="95" splitpriority="none" relatedtopic="define-no-output" dropdown="continue" popup="none" popup-page-rule="" />
    <Paragraph id="1257336" documentposition="96" splitpriority="none" relatedtopic="define-no-output" dropdown="continue" popup="none" popup-page-rule="" />
    <Paragraph id="1257340" documentposition="97" splitpriority="none" relatedtopic="define-no-output" dropdown="continue" popup="none" popup-page-rule="" />
    <Paragraph id="1257344" documentposition="98" splitpriority="none" relatedtopic="define-no-output" dropdown="continue" popup="none" popup-page-rule="" />
    <Paragraph id="1257348" documentposition="99" splitpriority="none" relatedtopic="define-no-output" popup="none" popup-page-rule="" dropdown="end" />
  </Split>
  <Split id="1223284" documentposition="100">
    <Paragraph id="1223284" documentposition="100" splitpriority="4" dropdown="continue" popup="none" popup-page-rule="" />
    <Paragraph id="1223285" documentposition="101" splitpriority="none" dropdown="continue" popup="none" popup-page-rule="" />
    <Paragraph id="1223286" documentposition="102" splitpriority="none" dropdown="continue" popup="none" popup-page-rule="" />
    <Paragraph id="1223290" documentposition="103" splitpriority="none" dropdown="continue" popup="none" popup-page-rule="">
      <Frame id="1223288">
        <Paragraph id="" dropdown="continue" popup="none" popup-page-rule="" />
      </Frame>
    </Paragraph>
    <Paragraph id="1223291" documentposition="104" splitpriority="none" dropdown="continue" popup="none" popup-page-rule="" />
    <Paragraph id="1223292" documentposition="105" splitpriority="none" dropdown="continue" popup="none" popup-page-rule="" />
    <Paragraph id="1223293" documentposition="106" splitpriority="none" dropdown="continue" popup="none" popup-page-rule="" />
    <Paragraph id="1223294" documentposition="107" splitpriority="none" dropdown="continue" popup="none" popup-page-rule="" />
    <Paragraph id="1223295" documentposition="108" splitpriority="none" dropdown="continue" popup="none" popup-page-rule="" />
    <Paragraph id="1223296" documentposition="109" splitpriority="none" dropdown="continue" popup="none" popup-page-rule="" />
    <Paragraph id="1223297" documentposition="110" splitpriority="none" dropdown="continue" popup="none" popup-page-rule="" />
    <Paragraph id="1257356" documentposition="111" splitpriority="none" relatedtopic="define-no-output" dropdown="continue" popup="none" popup-page-rule="" />
    <Paragraph id="1257360" documentposition="112" splitpriority="none" relatedtopic="define-no-output" dropdown="continue" popup="none" popup-page-rule="" />
    <Paragraph id="1257364" documentposition="113" splitpriority="none" relatedtopic="define-no-output" dropdown="continue" popup="none" popup-page-rule="" />
    <Paragraph id="1257368" documentposition="114" splitpriority="none" relatedtopic="define-no-output" dropdown="continue" popup="none" popup-page-rule="" />
    <Paragraph id="1257372" documentposition="115" splitpriority="none" relatedtopic="define-no-output" dropdown="continue" popup="none" popup-page-rule="" />
    <Paragraph id="1257376" documentposition="116" splitpriority="none" relatedtopic="define-no-output" popup="none" popup-page-rule="" dropdown="end" />
  </Split>
  <Split id="1223323" documentposition="117">
    <Paragraph id="1223323" documentposition="117" splitpriority="4" dropdown="continue" popup="none" popup-page-rule="" />
    <Paragraph id="1223324" documentposition="118" splitpriority="none" dropdown="continue" popup="none" popup-page-rule="" />
    <Paragraph id="1223326" documentposition="119" splitpriority="none" dropdown="continue" popup="none" popup-page-rule="" />
    <Paragraph id="1223327" documentposition="120" splitpriority="none" dropdown="continue" popup="none" popup-page-rule="" />
    <Paragraph id="1223328" documentposition="121" splitpriority="none" dropdown="continue" popup="none" popup-page-rule="" />
    <Paragraph id="1223329" documentposition="122" splitpriority="none" dropdown="continue" popup="none" popup-page-rule="" />
    <Paragraph id="1223330" documentposition="123" splitpriority="none" dropdown="continue" popup="none" popup-page-rule="" />
    <Paragraph id="1223331" documentposition="124" splitpriority="none" dropdown="continue" popup="none" popup-page-rule="" />
    <Paragraph id="1257384" documentposition="126" splitpriority="none" relatedtopic="define-no-output" dropdown="continue" popup="none" popup-page-rule="" />
    <Paragraph id="1257388" documentposition="127" splitpriority="none" relatedtopic="define-no-output" dropdown="continue" popup="none" popup-page-rule="" />
    <Paragraph id="1257392" documentposition="128" splitpriority="none" relatedtopic="define-no-output" dropdown="continue" popup="none" popup-page-rule="" />
    <Paragraph id="1257396" documentposition="129" splitpriority="none" relatedtopic="define-no-output" dropdown="continue" popup="none" popup-page-rule="" />
    <Paragraph id="1257400" documentposition="130" splitpriority="none" relatedtopic="define-no-output" popup="none" popup-page-rule="" dropdown="end" />
  </Split>
  <Split id="1223355" documentposition="131">
    <Paragraph id="1223355" documentposition="131" splitpriority="3" dropdown="continue" popup="none" popup-page-rule="" />
    <Paragraph id="1223357" documentposition="132" splitpriority="none" dropdown="continue" popup="none" popup-page-rule="" />
    <Paragraph id="1223366" documentposition="133" splitpriority="none" dropdown="continue" popup="none" popup-page-rule="" />
    <Paragraph id="1223367" documentposition="134" splitpriority="none" dropdown="continue" popup="none" popup-page-rule="" />
    <Paragraph id="1223368" documentposition="135" splitpriority="none" dropdown="continue" popup="none" popup-page-rule="" />
    <Paragraph id="1223372" documentposition="136" splitpriority="none" dropdown="continue" popup="none" popup-page-rule="" />
    <Paragraph id="1223376" documentposition="137" splitpriority="none" dropdown="continue" popup="none" popup-page-rule="" />
    <Paragraph id="1255636" documentposition="138" splitpriority="none" dropdown="continue" popup="none" popup-page-rule="" />
    <Paragraph id="1257426" documentposition="139" splitpriority="none" relatedtopic="define-no-output" dropdown="continue" popup="none" popup-page-rule="" />
    <Paragraph id="1257430" documentposition="140" splitpriority="none" relatedtopic="define-no-output" dropdown="continue" popup="none" popup-page-rule="" />
    <Paragraph id="1257434" documentposition="141" splitpriority="none" relatedtopic="define-no-output" dropdown="continue" popup="none" popup-page-rule="" />
    <Paragraph id="1257438" documentposition="142" splitpriority="none" relatedtopic="define-no-output" popup="none" popup-page-rule="" dropdown="end" />
  </Split>
  <Split id="1223472" documentposition="143">
    <Paragraph id="1223472" documentposition="143" splitpriority="4" dropdown="continue" popup="none" popup-page-rule="" />
    <Paragraph id="1223473" documentposition="144" splitpriority="none" dropdown="continue" popup="none" popup-page-rule="" />
    <Paragraph id="1223474" documentposition="145" splitpriority="none" dropdown="continue" popup="none" popup-page-rule="" />
    <Paragraph id="1223475" documentposition="146" splitpriority="none" dropdown="continue" popup="none" popup-page-rule="">
      <Frame id="1223477">
        <Paragraph id="" dropdown="continue" popup="none" popup-page-rule="" />
      </Frame>
    </Paragraph>
    <Paragraph id="1223479" documentposition="147" splitpriority="none" dropdown="continue" popup="none" popup-page-rule="" />
    <Paragraph id="1223480" documentposition="148" splitpriority="none" dropdown="continue" popup="none" popup-page-rule="" />
    <Table id="1223481" documentposition="149" splitpriority="none">
      <TableCell>
        <Paragraph id="1223483" dropdown="continue" popup="none" popup-page-rule="" />
        <Paragraph id="1223484" dropdown="continue" popup="none" popup-page-rule="" />
        <Paragraph id="1223485" dropdown="continue" popup="none" popup-page-rule="" />
        <Paragraph id="1223489" dropdown="continue" popup="none" popup-page-rule="" />
        <Paragraph id="1223490" dropdown="continue" popup="none" popup-page-rule="" />
      </TableCell>
    </Table>
    <Paragraph id="1223491" documentposition="150" splitpriority="none" dropdown="continue" popup="none" popup-page-rule="" />
    <Paragraph id="1223492" documentposition="151" splitpriority="none" dropdown="continue" popup="none" popup-page-rule="" />
    <Paragraph id="1223493" documentposition="152" splitpriority="none" dropdown="continue" popup="none" popup-page-rule="" />
    <Paragraph id="1223494" documentposition="153" splitpriority="none" dropdown="continue" popup="none" popup-page-rule="" />
    <Paragraph id="1223495" documentposition="154" splitpriority="none" dropdown="continue" popup="none" popup-page-rule="" />
    <Paragraph id="1223496" documentposition="155" splitpriority="none" dropdown="continue" popup="none" popup-page-rule="" />
    <Paragraph id="1223501" documentposition="156" splitpriority="none" dropdown="continue" popup="none" popup-page-rule="" />
    <Paragraph id="1223502" documentposition="157" splitpriority="none" dropdown="continue" popup="none" popup-page-rule="" />
    <Paragraph id="1223503" documentposition="158" splitpriority="none" dropdown="continue" popup="none" popup-page-rule="" />
    <Paragraph id="1223504" documentposition="159" splitpriority="none" dropdown="continue" popup="none" popup-page-rule="" />
    <Paragraph id="1230186" documentposition="160" splitpriority="none" dropdown="continue" popup="none" popup-page-rule="" />
    <Paragraph id="1230206" documentposition="162" splitpriority="none" popup="none" popup-page-rule="" dropdown="end" />
  </Split>
  <Split id="1255345" documentposition="163">
    <Paragraph id="1255345" documentposition="163" splitpriority="4" dropdown="continue" popup="none" popup-page-rule="" />
    <Paragraph id="1255346" documentposition="164" splitpriority="none" dropdown="continue" popup="none" popup-page-rule="" />
    <Paragraph id="1255347" documentposition="165" splitpriority="none" dropdown="continue" popup="none" popup-page-rule="" />
    <Paragraph id="1255348" documentposition="166" splitpriority="none" dropdown="continue" popup="none" popup-page-rule="" />
    <Paragraph id="1255349" documentposition="167" splitpriority="none" dropdown="continue" popup="none" popup-page-rule="" />
    <Paragraph id="1255385" documentposition="168" splitpriority="none" dropdown="continue" popup="none" popup-page-rule="" />
    <Paragraph id="1255350" documentposition="169" splitpriority="none" dropdown="continue" popup="none" popup-page-rule="" />
    <Paragraph id="1255351" documentposition="170" splitpriority="none" dropdown="continue" popup="none" popup-page-rule="" />
    <Paragraph id="1255354" documentposition="171" splitpriority="none" dropdown="continue" popup="none" popup-page-rule="" />
    <Paragraph id="1255343" documentposition="172" splitpriority="none" dropdown="continue" popup="none" popup-page-rule="" />
    <Paragraph id="1257446" documentposition="173" splitpriority="none" relatedtopic="define-no-output" dropdown="continue" popup="none" popup-page-rule="" />
    <Paragraph id="1257450" documentposition="174" splitpriority="none" relatedtopic="define-no-output" dropdown="continue" popup="none" popup-page-rule="" />
    <Paragraph id="1257454" documentposition="175" splitpriority="none" relatedtopic="define-no-output" dropdown="continue" popup="none" popup-page-rule="" />
    <Paragraph id="1257458" documentposition="176" splitpriority="none" relatedtopic="define-no-output" dropdown="continue" popup="none" popup-page-rule="" />
    <Paragraph id="1257462" documentposition="177" splitpriority="none" relatedtopic="define-no-output" dropdown="continue" popup="none" popup-page-rule="" />
    <Paragraph id="1257466" documentposition="178" splitpriority="none" relatedtopic="define-no-output" popup="none" popup-page-rule="" dropdown="end" />
  </Split>
  <Split id="1223533" documentposition="179">
    <Paragraph id="1223533" documentposition="179" splitpriority="3" dropdown="continue" popup="none" popup-page-rule="" />
    <Paragraph id="1223534" documentposition="180" splitpriority="none" dropdown="continue" popup="none" popup-page-rule="" />
    <Paragraph id="1223538" documentposition="181" splitpriority="none" dropdown="continue" popup="none" popup-page-rule="" />
    <Paragraph id="1223547" documentposition="182" splitpriority="none" dropdown="continue" popup="none" popup-page-rule="" />
    <Paragraph id="1257471" documentposition="183" splitpriority="none" dropdown="continue" popup="none" popup-page-rule="" />
    <Paragraph id="1257475" documentposition="184" splitpriority="none" dropdown="continue" popup="none" popup-page-rule="" />
    <Paragraph id="1257479" documentposition="185" splitpriority="none" popup="none" popup-page-rule="" dropdown="end" />
  </Split>
  <Split id="1223559" documentposition="186">
    <Paragraph id="1223559" documentposition="186" splitpriority="4" dropdown="continue" popup="none" popup-page-rule="" />
    <Paragraph id="1223560" documentposition="187" splitpriority="none" dropdown="continue" popup="none" popup-page-rule="" />
    <Paragraph id="1223562" documentposition="188" splitpriority="none" dropdown="continue" popup="none" popup-page-rule="" />
    <Paragraph id="1223568" documentposition="189" splitpriority="none" dropdown="continue" popup="none" popup-page-rule="" />
    <Paragraph id="1223569" documentposition="190" splitpriority="none" dropdown="continue" popup="none" popup-page-rule="" />
    <Paragraph id="1223570" documentposition="191" splitpriority="none" dropdown="continue" popup="none" popup-page-rule="" />
    <Paragraph id="1223571" documentposition="192" splitpriority="none" dropdown="continue" popup="none" popup-page-rule="" />
    <Paragraph id="1223572" documentposition="193" splitpriority="none" dropdown="continue" popup="none" popup-page-rule="" />
    <Paragraph id="1223573" documentposition="194" splitpriority="none" dropdown="continue" popup="none" popup-page-rule="" />
    <Paragraph id="1223574" documentposition="195" splitpriority="none" dropdown="continue" popup="none" popup-page-rule="" />
    <Paragraph id="1223575" documentposition="196" splitpriority="none" dropdown="continue" popup="none" popup-page-rule="" />
    <Paragraph id="1223576" documentposition="197" splitpriority="none" dropdown="continue" popup="none" popup-page-rule="" />
    <Paragraph id="1223577" documentposition="198" splitpriority="none" dropdown="continue" popup="none" popup-page-rule="" />
    <Paragraph id="1223578" documentposition="199" splitpriority="none" dropdown="continue" popup="none" popup-page-rule="" />
    <Paragraph id="1223579" documentposition="200" splitpriority="none" dropdown="continue" popup="none" popup-page-rule="" />
    <Paragraph id="1223583" documentposition="201" splitpriority="none" dropdown="continue" popup="none" popup-page-rule="" />
    <Paragraph id="1238234" documentposition="202" splitpriority="none" dropdown="continue" popup="none" popup-page-rule="" />
    <Paragraph id="1238238" documentposition="203" splitpriority="none" dropdown="continue" popup="none" popup-page-rule="" />
    <Paragraph id="1257487" documentposition="204" splitpriority="none" dropdown="continue" popup="none" popup-page-rule="" />
    <Paragraph id="1257491" documentposition="205" splitpriority="none" popup="none" popup-page-rule="" dropdown="end" />
  </Split>
  <Split id="1238432" documentposition="206">
    <Paragraph id="1238432" documentposition="206" splitpriority="3" dropdown="continue" popup="none" popup-page-rule="" />
    <Paragraph id="1230257" documentposition="207" splitpriority="none" dropdown="continue" popup="none" popup-page-rule="" />
    <Paragraph id="1230265" documentposition="208" splitpriority="none" dropdown="continue" popup="none" popup-page-rule="" />
    <Paragraph id="1230278" documentposition="209" splitpriority="none" dropdown="continue" popup="none" popup-page-rule="" />
    <Paragraph id="1230282" documentposition="210" splitpriority="none" dropdown="continue" popup="none" popup-page-rule="" />
    <Paragraph id="1230286" documentposition="211" splitpriority="none" dropdown="continue" popup="none" popup-page-rule="" />
    <Paragraph id="1257499" documentposition="212" splitpriority="none" relatedtopic="define-no-output" dropdown="continue" popup="none" popup-page-rule="" />
    <Paragraph id="1257503" documentposition="213" splitpriority="none" relatedtopic="define-no-output" popup="none" popup-page-rule="" dropdown="end" />
  </Split>
  <Split id="1223593" documentposition="214">
    <Paragraph id="1223593" documentposition="214" splitpriority="4" dropdown="continue" popup="none" popup-page-rule="" />
    <Paragraph id="1223595" documentposition="215" splitpriority="none" dropdown="continue" popup="none" popup-page-rule="" />
    <Paragraph id="1230844" documentposition="216" splitpriority="none" dropdown="continue" popup="none" popup-page-rule="" />
    <Paragraph id="1230591" documentposition="217" splitpriority="none" popup="none" popup-page-rule="" dropdown="end" />
  </Split>
  <Split id="1230606" documentposition="218">
    <Paragraph id="1230606" documentposition="218" splitpriority="3" dropdown="continue" popup="none" popup-page-rule="" />
    <Paragraph id="1223632" documentposition="219" splitpriority="none" dropdown="continue" popup="none" popup-page-rule="" />
    <Paragraph id="1223634" documentposition="220" splitpriority="none" dropdown="continue" popup="none" popup-page-rule="" />
    <Paragraph id="1223635" documentposition="221" splitpriority="none" dropdown="continue" popup="none" popup-page-rule="" />
    <Paragraph id="1223636" documentposition="222" splitpriority="none" dropdown="continue" popup="none" popup-page-rule="" />
    <Paragraph id="1223637" documentposition="223" splitpriority="none" dropdown="continue" popup="none" popup-page-rule="" />
    <Paragraph id="1223638" documentposition="224" splitpriority="none" dropdown="continue" popup="none" popup-page-rule="" />
    <Paragraph id="1223643" documentposition="225" splitpriority="none" dropdown="continue" popup="none" popup-page-rule="" />
    <Paragraph id="1257511" documentposition="226" splitpriority="none" relatedtopic="define-no-output" dropdown="continue" popup="none" popup-page-rule="" />
    <Paragraph id="1257515" documentposition="227" splitpriority="none" relatedtopic="define-no-output" dropdown="continue" popup="none" popup-page-rule="" />
    <Paragraph id="1257519" documentposition="228" splitpriority="none" relatedtopic="define-no-output" dropdown="continue" popup="none" popup-page-rule="" />
    <Paragraph id="1257523" documentposition="229" splitpriority="none" relatedtopic="define-no-output" dropdown="continue" popup="none" popup-page-rule="" />
    <Paragraph id="1257527" documentposition="230" splitpriority="none" relatedtopic="define-no-output" dropdown="continue" popup="none" popup-page-rule="" />
    <Paragraph id="1257531" documentposition="231" splitpriority="none" relatedtopic="define-no-output" popup="none" popup-page-rule="" dropdown="end" />
  </Split>
  <Split id="1223669" documentposition="232">
    <Paragraph id="1223669" documentposition="232" splitpriority="2" dropdown="continue" popup="none" popup-page-rule="" />
    <Paragraph id="1164269" documentposition="233" splitpriority="none" popup="none" popup-page-rule="" dropdown="end" />
  </Split>
</Behaviors>