<?xml version="1.0" encoding="utf-8"?>
<Index version="1.0" xmlns="urn:WebWorks-Index-Schema">
  <Entry name="Affymetrix" sort="Affymetrix" sectionposition="2">
    <Content xmlns="urn:WebWorks-Document-Schema">
      <TextRun>
        <Text value="Affymetrix" />
      </TextRun>
    </Content>
    <Entry name="validation and import rules" sort="validation and import rules">
      <Content xmlns="urn:WebWorks-Document-Schema">
        <TextRun>
          <Text value="validation and import rules" />
        </TextRun>
      </Content>
      <Link href="C:\Documents and Settings\hadfielj\My Documents\ePublisher Pro Projects\caArray_Online_Help\Output\WebWorks Help 5.0\caArray_Online_Help\appdx importing data files.11.2.html" anchor="1186524" fileposition="140" first="false" />
    </Entry>
  </Entry>
  <Entry name="GenePix" sort="GenePix" sectionposition="2">
    <Content xmlns="urn:WebWorks-Document-Schema">
      <TextRun>
        <Text value="GenePix" />
      </TextRun>
    </Content>
    <Entry name="validation and import rules" sort="validation and import rules">
      <Content xmlns="urn:WebWorks-Document-Schema">
        <TextRun>
          <Text value="validation and import rules" />
        </TextRun>
      </Content>
      <Link href="C:\Documents and Settings\hadfielj\My Documents\ePublisher Pro Projects\caArray_Online_Help\Output\WebWorks Help 5.0\caArray_Online_Help\appdx importing data files.11.3.html" anchor="1186550" fileposition="141" first="false" />
    </Entry>
  </Entry>
  <Entry name="Illumina" sort="Illumina" sectionposition="2">
    <Content xmlns="urn:WebWorks-Document-Schema">
      <TextRun>
        <Text value="Illumina" />
      </TextRun>
    </Content>
    <Entry name="validation and import rules" sort="validation and import rules">
      <Content xmlns="urn:WebWorks-Document-Schema">
        <TextRun>
          <Text value="validation and import rules" />
        </TextRun>
      </Content>
      <Link href="C:\Documents and Settings\hadfielj\My Documents\ePublisher Pro Projects\caArray_Online_Help\Output\WebWorks Help 5.0\caArray_Online_Help\appdx importing data files.11.4.html" anchor="1189928" fileposition="142" first="false" />
    </Entry>
  </Entry>
  <Entry name="Illumina" sort="Illumina" sectionposition="2">
    <Content xmlns="urn:WebWorks-Document-Schema">
      <TextRun>
        <Text value="Illumina" />
      </TextRun>
    </Content>
    <Entry name="CSV files validation and import rules" sort="CSV files validation and import rules">
      <Content xmlns="urn:WebWorks-Document-Schema">
        <TextRun>
          <Text value="CSV files validation and import rules" />
        </TextRun>
      </Content>
      <Link href="C:\Documents and Settings\hadfielj\My Documents\ePublisher Pro Projects\caArray_Online_Help\Output\WebWorks Help 5.0\caArray_Online_Help\appdx importing data files.11.5.html" anchor="1186566" fileposition="143" first="false" />
    </Entry>
  </Entry>
  <Entry name="Illumina" sort="Illumina" sectionposition="2">
    <Content xmlns="urn:WebWorks-Document-Schema">
      <TextRun>
        <Text value="Illumina" />
      </TextRun>
    </Content>
    <Entry name="sample probe profile TXT files validation and import rules" sort="sample probe profile TXT files validation and import rules">
      <Content xmlns="urn:WebWorks-Document-Schema">
        <TextRun>
          <Text value="sample probe profile TXT files validation and import rules" />
        </TextRun>
      </Content>
      <Link href="C:\Documents and Settings\hadfielj\My Documents\ePublisher Pro Projects\caArray_Online_Help\Output\WebWorks Help 5.0\caArray_Online_Help\appdx importing data files.11.6.html" anchor="1186595" fileposition="144" first="false" />
    </Entry>
  </Entry>
  <Entry name="Illumina" sort="Illumina" sectionposition="2">
    <Content xmlns="urn:WebWorks-Document-Schema">
      <TextRun>
        <Text value="Illumina" />
      </TextRun>
    </Content>
    <Entry name="genotyping processed data matrix TXT files validation and import rules" sort="genotyping processed data matrix TXT files validation and import rules">
      <Content xmlns="urn:WebWorks-Document-Schema">
        <TextRun>
          <Text value="genotyping processed data matrix TXT files validation and import rules" />
        </TextRun>
      </Content>
      <Link href="C:\Documents and Settings\hadfielj\My Documents\ePublisher Pro Projects\caArray_Online_Help\Output\WebWorks Help 5.0\caArray_Online_Help\appdx importing data files.11.7.html" anchor="1186622" fileposition="145" first="false" />
    </Entry>
  </Entry>
  <Entry name="Agilent" sort="Agilent" sectionposition="2">
    <Content xmlns="urn:WebWorks-Document-Schema">
      <TextRun>
        <Text value="Agilent" />
      </TextRun>
    </Content>
    <Entry name="validation and import rules" sort="validation and import rules">
      <Content xmlns="urn:WebWorks-Document-Schema">
        <TextRun>
          <Text value="validation and import rules" />
        </TextRun>
      </Content>
      <Link href="C:\Documents and Settings\hadfielj\My Documents\ePublisher Pro Projects\caArray_Online_Help\Output\WebWorks Help 5.0\caArray_Online_Help\appdx importing data files.11.8.html" anchor="1186631" fileposition="146" first="false" />
    </Entry>
  </Entry>
  <Entry name="Nimblegen" sort="Nimblegen" sectionposition="2">
    <Content xmlns="urn:WebWorks-Document-Schema">
      <TextRun>
        <Text value="Nimblegen" />
      </TextRun>
    </Content>
    <Entry name="validation and import rules" sort="validation and import rules">
      <Content xmlns="urn:WebWorks-Document-Schema">
        <TextRun>
          <Text value="validation and import rules" />
        </TextRun>
      </Content>
      <Link href="C:\Documents and Settings\hadfielj\My Documents\ePublisher Pro Projects\caArray_Online_Help\Output\WebWorks Help 5.0\caArray_Online_Help\appdx importing data files.11.9.html" anchor="1190977" fileposition="147" first="false" />
    </Entry>
  </Entry>
  <Entry name="MAGE-TAB" sort="MAGE-TAB" sectionposition="2">
    <Content xmlns="urn:WebWorks-Document-Schema">
      <TextRun>
        <Text value="MAGE-TAB" />
      </TextRun>
    </Content>
    <Entry name="Data Matrix copy number, validation and import rules" sort="Data Matrix copy number, validation and import rules">
      <Content xmlns="urn:WebWorks-Document-Schema">
        <TextRun>
          <Text value="Data Matrix copy number, validation and import rules" />
        </TextRun>
      </Content>
      <Link href="C:\Documents and Settings\hadfielj\My Documents\ePublisher Pro Projects\caArray_Online_Help\Output\WebWorks Help 5.0\caArray_Online_Help\appdx importing data files.11.11.html" anchor="1186657" fileposition="149" first="false" />
    </Entry>
  </Entry>
  <Entry name="ImaGene" sort="ImaGene" sectionposition="2">
    <Content xmlns="urn:WebWorks-Document-Schema">
      <TextRun>
        <Text value="ImaGene" />
      </TextRun>
    </Content>
    <Entry name="validation and import rules" sort="validation and import rules">
      <Content xmlns="urn:WebWorks-Document-Schema">
        <TextRun>
          <Text value="validation and import rules" />
        </TextRun>
      </Content>
      <Link href="C:\Documents and Settings\hadfielj\My Documents\ePublisher Pro Projects\caArray_Online_Help\Output\WebWorks Help 5.0\caArray_Online_Help\appdx importing data files.11.12.html" anchor="1189251" fileposition="150" first="false" />
    </Entry>
  </Entry>
  <Entry name="GEO, validation and import rules" sort="GEO, validation and import rules" sectionposition="2">
    <Content xmlns="urn:WebWorks-Document-Schema">
      <TextRun>
        <Text value="GEO, validation and import rules" />
      </TextRun>
    </Content>
    <Link href="C:\Documents and Settings\hadfielj\My Documents\ePublisher Pro Projects\caArray_Online_Help\Output\WebWorks Help 5.0\caArray_Online_Help\appdx importing data files.11.12.html" anchor="1189271" fileposition="150" first="false" />
  </Entry>
  <Entry name="ScanArray, validation and import rules" sort="ScanArray, validation and import rules" sectionposition="2">
    <Content xmlns="urn:WebWorks-Document-Schema">
      <TextRun>
        <Text value="ScanArray, validation and import rules" />
      </TextRun>
    </Content>
    <Link href="C:\Documents and Settings\hadfielj\My Documents\ePublisher Pro Projects\caArray_Online_Help\Output\WebWorks Help 5.0\caArray_Online_Help\appdx importing data files.11.12.html" anchor="1189291" fileposition="150" first="false" />
  </Entry>
</Index>