<?xml version="1.0" encoding="utf-8"?>
<Splits version="1.0" xmlns="urn:WebWorks-Engine-Splits-Schema">
  <Split groupID="E2409E4DBE34BFCA" documentID="33C9F8ED919D4A0" id="1096659" position="1" documentstartposition="3" documentendposition="11" title="Importing Data Files">
    <Group name="caArray_Online_Help" id="E2409E4DBE34BFCA" position="1" />
    <Document path="C:\Documents and Settings\hadfielj\My Documents\CBIIT Projects\caArray\caArray documentation\caArray 2.4\appdx importing data files.fm" id="33C9F8ED919D4A0" position="11" />
    <PageStyle value="" />
    <Frames />
    <Popups />
  </Split>
  <Split groupID="E2409E4DBE34BFCA" documentID="33C9F8ED919D4A0" id="1186523" position="2" documentstartposition="12" documentendposition="28" title="Affymetrix">
    <Group name="caArray_Online_Help" id="E2409E4DBE34BFCA" position="1" />
    <Document path="C:\Documents and Settings\hadfielj\My Documents\CBIIT Projects\caArray\caArray documentation\caArray 2.4\appdx importing data files.fm" id="33C9F8ED919D4A0" position="11" />
    <PageStyle value="" />
    <Frames />
    <Popups />
  </Split>
  <Split groupID="E2409E4DBE34BFCA" documentID="33C9F8ED919D4A0" id="1186547" position="3" documentstartposition="29" documentendposition="35" title="GenePix">
    <Group name="caArray_Online_Help" id="E2409E4DBE34BFCA" position="1" />
    <Document path="C:\Documents and Settings\hadfielj\My Documents\CBIIT Projects\caArray\caArray documentation\caArray 2.4\appdx importing data files.fm" id="33C9F8ED919D4A0" position="11" />
    <PageStyle value="" />
    <Frames />
    <Popups />
  </Split>
  <Split groupID="E2409E4DBE34BFCA" documentID="33C9F8ED919D4A0" id="1186559" position="4" documentstartposition="36" documentendposition="55" title="Illumina">
    <Group name="caArray_Online_Help" id="E2409E4DBE34BFCA" position="1" />
    <Document path="C:\Documents and Settings\hadfielj\My Documents\CBIIT Projects\caArray\caArray documentation\caArray 2.4\appdx importing data files.fm" id="33C9F8ED919D4A0" position="11" />
    <PageStyle value="" />
    <Frames />
    <Popups />
  </Split>
  <Split groupID="E2409E4DBE34BFCA" documentID="33C9F8ED919D4A0" id="1186577" position="5" documentstartposition="56" documentendposition="65" title="CSV (Gene Expression)">
    <Group name="caArray_Online_Help" id="E2409E4DBE34BFCA" position="1" />
    <Document path="C:\Documents and Settings\hadfielj\My Documents\CBIIT Projects\caArray\caArray documentation\caArray 2.4\appdx importing data files.fm" id="33C9F8ED919D4A0" position="11" />
    <PageStyle value="" />
    <Frames />
    <Popups />
  </Split>
  <Split groupID="E2409E4DBE34BFCA" documentID="33C9F8ED919D4A0" id="1186606" position="6" documentstartposition="66" documentendposition="72" title="Sample Probe Profile TXT (Gene Expression)">
    <Group name="caArray_Online_Help" id="E2409E4DBE34BFCA" position="1" />
    <Document path="C:\Documents and Settings\hadfielj\My Documents\CBIIT Projects\caArray\caArray documentation\caArray 2.4\appdx importing data files.fm" id="33C9F8ED919D4A0" position="11" />
    <PageStyle value="" />
    <Frames />
    <Popups />
  </Split>
  <Split groupID="E2409E4DBE34BFCA" documentID="33C9F8ED919D4A0" id="1186621" position="7" documentstartposition="73" documentendposition="80" title="Genotyping Processed Data Matrix TXT">
    <Group name="caArray_Online_Help" id="E2409E4DBE34BFCA" position="1" />
    <Document path="C:\Documents and Settings\hadfielj\My Documents\CBIIT Projects\caArray\caArray documentation\caArray 2.4\appdx importing data files.fm" id="33C9F8ED919D4A0" position="11" />
    <PageStyle value="" />
    <Frames />
    <Popups />
  </Split>
  <Split groupID="E2409E4DBE34BFCA" documentID="33C9F8ED919D4A0" id="1186630" position="8" documentstartposition="81" documentendposition="94" title="Agilent">
    <Group name="caArray_Online_Help" id="E2409E4DBE34BFCA" position="1" />
    <Document path="C:\Documents and Settings\hadfielj\My Documents\CBIIT Projects\caArray\caArray documentation\caArray 2.4\appdx importing data files.fm" id="33C9F8ED919D4A0" position="11" />
    <PageStyle value="" />
    <Frames />
    <Popups />
  </Split>
  <Split groupID="E2409E4DBE34BFCA" documentID="33C9F8ED919D4A0" id="1186651" position="9" documentstartposition="95" documentendposition="108" title="Nimblegen">
    <Group name="caArray_Online_Help" id="E2409E4DBE34BFCA" position="1" />
    <Document path="C:\Documents and Settings\hadfielj\My Documents\CBIIT Projects\caArray\caArray documentation\caArray 2.4\appdx importing data files.fm" id="33C9F8ED919D4A0" position="11" />
    <PageStyle value="" />
    <Frames />
    <Popups />
  </Split>
  <Split groupID="E2409E4DBE34BFCA" documentID="33C9F8ED919D4A0" id="1186671" position="10" documentstartposition="109" documentendposition="110" title="Miscellaneous Providers">
    <Group name="caArray_Online_Help" id="E2409E4DBE34BFCA" position="1" />
    <Document path="C:\Documents and Settings\hadfielj\My Documents\CBIIT Projects\caArray\caArray documentation\caArray 2.4\appdx importing data files.fm" id="33C9F8ED919D4A0" position="11" />
    <PageStyle value="" />
    <Frames />
    <Popups />
  </Split>
  <Split groupID="E2409E4DBE34BFCA" documentID="33C9F8ED919D4A0" id="1186672" position="11" documentstartposition="111" documentendposition="114" title="Copy Number MAGE-TAB Data Matrix TXT">
    <Group name="caArray_Online_Help" id="E2409E4DBE34BFCA" position="1" />
    <Document path="C:\Documents and Settings\hadfielj\My Documents\CBIIT Projects\caArray\caArray documentation\caArray 2.4\appdx importing data files.fm" id="33C9F8ED919D4A0" position="11" />
    <PageStyle value="" />
    <Frames>
      <Frame position="1" title="">
        <Frame id="1189665" stylename="Default" xmlns="urn:WebWorks-Document-Schema">
          <Attribute name="display" value="block" />
          <Attribute name="float" value="none" />
          <Attribute name="text-align" value="left" />
          <Attribute name="left" value="0.0" />
          <Attribute name="top" value="0.0" />
          <Attribute name="width" value="421.416" />
          <Attribute name="height" value="110.99952" />
          <Facets>
            <Facet type="document">
              <Attribute name="adapter" value="Adobe FrameMaker" />
              <Attribute name="path" value="C:\Documents and Settings\hadfielj\My Documents\ePublisher Pro Projects\caArray_Online_Help\Data\61DD7DDB65736B3\E2409E4DBE34BFCA\33C9F8ED919D4A0\appdx importing data files.fmwif" />
              <Attribute name="id" value="1189665" />
            </Facet>
          </Facets>
          <Content>
            <Frame id="1189668">
              <Attribute name="left" value="3.34872" />
              <Attribute name="top" value="6.35112" />
              <Attribute name="width" value="413.96616" />
              <Attribute name="height" value="99.11808" />
              <Facets>
                <Facet type="by-reference">
                  <Attribute name="path" value="C:\Documents and Settings\hadfielj\My Documents\CBIIT Projects\caArray\caArray documentation\caArray 2.4\users guide images\CN MAGE-TAB snippet.gif" />
                </Facet>
              </Facets>
            </Frame>
          </Content>
        </Frame>
      </Frame>
    </Frames>
    <Popups />
  </Split>
  <Split groupID="E2409E4DBE34BFCA" documentID="33C9F8ED919D4A0" id="1186677" position="12" documentstartposition="115" documentendposition="119" title="Other Providers">
    <Group name="caArray_Online_Help" id="E2409E4DBE34BFCA" position="1" />
    <Document path="C:\Documents and Settings\hadfielj\My Documents\CBIIT Projects\caArray\caArray documentation\caArray 2.4\appdx importing data files.fm" id="33C9F8ED919D4A0" position="11" />
    <PageStyle value="" />
    <Frames />
    <Popups />
  </Split>
</Splits>