<?xml version="1.0" encoding="utf-8"?>
<Splits version="1.0" xmlns="urn:WebWorks-Engine-Splits-Schema">
  <Split groupID="E2409E4DBE34BFCA" documentID="71ADAFA069FDA99B" id="1052621" position="1" documentstartposition="3" documentendposition="7" title="Extracting Data from caArray ">
    <Group name="caArray_Online_Help" id="E2409E4DBE34BFCA" position="1" />
    <Document path="C:\Documents and Settings\hadfielj\My Documents\CBIIT Projects\caArray\caArray documentation\caArray 2.4\Extracting data.fm" id="71ADAFA069FDA99B" position="8" />
    <PageStyle value="" />
    <Frames />
    <Popups />
  </Split>
  <Split groupID="E2409E4DBE34BFCA" documentID="71ADAFA069FDA99B" id="1134560" position="2" documentstartposition="8" documentendposition="18" title="Downloading Data from caArray">
    <Group name="caArray_Online_Help" id="E2409E4DBE34BFCA" position="1" />
    <Document path="C:\Documents and Settings\hadfielj\My Documents\CBIIT Projects\caArray\caArray documentation\caArray 2.4\Extracting data.fm" id="71ADAFA069FDA99B" position="8" />
    <PageStyle value="" />
    <Frames />
    <Popups />
  </Split>
  <Split groupID="E2409E4DBE34BFCA" documentID="71ADAFA069FDA99B" id="1144525" position="3" documentstartposition="19" documentendposition="36" title="Downloading Selected Experiment Files">
    <Group name="caArray_Online_Help" id="E2409E4DBE34BFCA" position="1" />
    <Document path="C:\Documents and Settings\hadfielj\My Documents\CBIIT Projects\caArray\caArray documentation\caArray 2.4\Extracting data.fm" id="71ADAFA069FDA99B" position="8" />
    <PageStyle value="" />
    <Frames>
      <Frame position="1" title="plus icon">
        <Frame id="1144559" stylename="Default" xmlns="urn:WebWorks-Document-Schema">
          <Attribute name="display" value="inline" />
          <Attribute name="float" value="none" />
          <Attribute name="text-align" value="left" />
          <Attribute name="left" value="0.0" />
          <Attribute name="top" value="0.0" />
          <Attribute name="width" value="16.49952" />
          <Attribute name="height" value="14.24952" />
          <Description>
            <Paragraph>
              <TextRun>
                <Text value="plus icon" />
              </TextRun>
            </Paragraph>
          </Description>
          <Facets>
            <Facet type="document">
              <Attribute name="adapter" value="Adobe FrameMaker" />
              <Attribute name="path" value="C:\Documents and Settings\hadfielj\My Documents\ePublisher Pro Projects\caArray_Online_Help\Data\61DD7DDB65736B3\E2409E4DBE34BFCA\71ADAFA069FDA99B\Extracting data.fmwif" />
              <Attribute name="id" value="1144559" />
            </Facet>
          </Facets>
          <Content />
        </Frame>
      </Frame>
      <Frame position="2" title="remove icon">
        <Frame id="1144565" stylename="Default" xmlns="urn:WebWorks-Document-Schema">
          <Attribute name="display" value="inline" />
          <Attribute name="float" value="none" />
          <Attribute name="text-align" value="left" />
          <Attribute name="left" value="0.0" />
          <Attribute name="top" value="0.0" />
          <Attribute name="width" value="14.24952" />
          <Attribute name="height" value="14.24952" />
          <Description>
            <Paragraph>
              <TextRun>
                <Text value="remove icon" />
              </TextRun>
            </Paragraph>
          </Description>
          <Facets>
            <Facet type="document">
              <Attribute name="adapter" value="Adobe FrameMaker" />
              <Attribute name="path" value="C:\Documents and Settings\hadfielj\My Documents\ePublisher Pro Projects\caArray_Online_Help\Data\61DD7DDB65736B3\E2409E4DBE34BFCA\71ADAFA069FDA99B\Extracting data.fmwif" />
              <Attribute name="id" value="1144565" />
            </Facet>
          </Facets>
          <Content />
        </Frame>
      </Frame>
    </Frames>
    <Popups />
  </Split>
  <Split groupID="E2409E4DBE34BFCA" documentID="71ADAFA069FDA99B" id="1143411" position="4" documentstartposition="37" documentendposition="39" title="Exporting Experiment Annotation Packages">
    <Group name="caArray_Online_Help" id="E2409E4DBE34BFCA" position="1" />
    <Document path="C:\Documents and Settings\hadfielj\My Documents\CBIIT Projects\caArray\caArray documentation\caArray 2.4\Extracting data.fm" id="71ADAFA069FDA99B" position="8" />
    <PageStyle value="" />
    <Frames />
    <Popups />
  </Split>
  <Split groupID="E2409E4DBE34BFCA" documentID="71ADAFA069FDA99B" id="1144818" position="5" documentstartposition="40" documentendposition="43" title="Exporting to MAGE-TAB">
    <Group name="caArray_Online_Help" id="E2409E4DBE34BFCA" position="1" />
    <Document path="C:\Documents and Settings\hadfielj\My Documents\CBIIT Projects\caArray\caArray documentation\caArray 2.4\Extracting data.fm" id="71ADAFA069FDA99B" position="8" />
    <PageStyle value="" />
    <Frames />
    <Popups />
  </Split>
  <Split groupID="E2409E4DBE34BFCA" documentID="71ADAFA069FDA99B" id="1143372" position="6" documentstartposition="44" documentendposition="48" title="Exporting to GEO SOFT">
    <Group name="caArray_Online_Help" id="E2409E4DBE34BFCA" position="1" />
    <Document path="C:\Documents and Settings\hadfielj\My Documents\CBIIT Projects\caArray\caArray documentation\caArray 2.4\Extracting data.fm" id="71ADAFA069FDA99B" position="8" />
    <PageStyle value="" />
    <Frames />
    <Popups />
  </Split>
  <Split groupID="E2409E4DBE34BFCA" documentID="71ADAFA069FDA99B" id="1134571" position="7" documentstartposition="49" documentendposition="53" title="Grid Availability">
    <Group name="caArray_Online_Help" id="E2409E4DBE34BFCA" position="1" />
    <Document path="C:\Documents and Settings\hadfielj\My Documents\CBIIT Projects\caArray\caArray documentation\caArray 2.4\Extracting data.fm" id="71ADAFA069FDA99B" position="8" />
    <PageStyle value="" />
    <Frames />
    <Popups />
  </Split>
  <Split groupID="E2409E4DBE34BFCA" documentID="71ADAFA069FDA99B" id="1132707" position="8" documentstartposition="54" documentendposition="59" title="Extracting Data Programmatically by API">
    <Group name="caArray_Online_Help" id="E2409E4DBE34BFCA" position="1" />
    <Document path="C:\Documents and Settings\hadfielj\My Documents\CBIIT Projects\caArray\caArray documentation\caArray 2.4\Extracting data.fm" id="71ADAFA069FDA99B" position="8" />
    <PageStyle value="" />
    <Frames />
    <Popups />
  </Split>
</Splits>